# t,CH4,Cl·,H3CHCl‡,CH3·,HCl
0.000000000000000000e+00,9.000000000000000222e-01,5.000000000000000000e-01,0.000000000000000000e+00,0.000000000000000000e+00,1.000000000000000056e-01
1.799454599634021428e-10,8.613596831033689671e-01,4.613596831033689449e-01,0.000000000000000000e+00,3.864031689663104813e-02,1.386403168966310606e-01
1.799454599634022461e-10,8.613596831033689671e-01,4.613596831033688894e-01,0.000000000000000000e+00,3.864031689663106894e-02,1.386403168966310884e-01
1.884945618358305722e-10,8.596395767760092177e-01,4.596395767760091955e-01,0.000000000000000000e+00,4.036042322399080451e-02,1.403604232239908101e-01
1.974498264580167459e-10,8.578483172617613617e-01,4.578483172617612840e-01,0.000000000000000000e+00,4.215168273823869521e-02,1.421516827382386938e-01
2.068305503808443380e-10,8.559834054518724589e-01,4.559834054518723812e-01,0.000000000000000000e+00,4.401659454812758415e-02,1.440165945481275689e-01
2.166569469228626742e-10,8.540423196624474800e-01,4.540423196624474023e-01,0.000000000000000000e+00,4.595768033755256304e-02,1.459576803375525478e-01
2.269501897253739641e-10,8.520225313583792426e-01,4.520225313583792204e-01,0.000000000000000000e+00,4.797746864162075880e-02,1.479774686416207574e-01
2.377324583767964077e-10,8.499214802611246844e-01,4.499214802611246622e-01,0.000000000000000000e+00,5.007851973887533781e-02,1.500785197388753156e-01
2.490269862046140041e-10,8.477365787956406828e-01,4.477365787956406051e-01,0.000000000000000000e+00,5.226342120435936017e-02,1.522634212043593449e-01
2.608581103378933790e-10,8.454652169330278966e-01,4.454652169330278189e-01,0.000000000000000000e+00,5.453478306697215339e-02,1.545347830669721312e-01
2.732513241482411847e-10,8.431047674066299846e-01,4.431047674066300179e-01,0.000000000000000000e+00,5.689523259336998207e-02,1.568952325933699599e-01
2.862333321821998561e-10,8.406525912654727595e-01,4.406525912654727373e-01,0.000000000000000000e+00,5.934740873452727661e-02,1.593474087345272683e-01
2.998321077034492255e-10,8.381060437118396100e-01,4.381060437118395323e-01,0.000000000000000000e+00,6.189395628816043299e-02,1.618939562881604177e-01
3.140769529688038217e-10,8.354624801488772512e-01,4.354624801488772290e-01,0.000000000000000000e+00,6.453751985112274325e-02,1.645375198511227210e-01
3.289985623678868051e-10,8.327192623386943104e-01,4.327192623386943438e-01,0.000000000000000000e+00,6.728073766130567013e-02,1.672807376613056340e-01
3.446290885625326737e-10,8.298737800060184133e-01,4.298737800060183356e-01,0.000000000000000000e+00,7.012621999398165051e-02,1.701262199939816144e-01
3.598909199268044923e-10,8.271227590604993685e-01,4.271227590604993463e-01,0.000000000000000000e+00,7.287724093950063986e-02,1.728772409395006315e-01
3.610022117684333769e-10,8.269234845327805283e-01,4.269234845327804506e-01,0.000000000000000000e+00,7.307651546721953550e-02,1.730765154672194994e-01
3.781532123283141376e-10,8.238657598657972425e-01,4.238657598657972203e-01,0.000000000000000000e+00,7.613424013420276582e-02,1.761342401342027575e-01
3.961190467330183555e-10,8.206981636762792354e-01,4.206981636762792132e-01,0.000000000000000000e+00,7.930183632372075908e-02,1.793018363237207369e-01
4.149384272543082723e-10,8.174183183668495278e-01,4.174183183668494501e-01,0.000000000000000000e+00,8.258168163315052213e-02,1.825816816331504999e-01
4.346519053609733999e-10,8.140239200560890342e-01,4.140239200560890120e-01,0.000000000000000000e+00,8.597607994391096020e-02,1.859760799439109380e-01
4.553019590979880939e-10,8.105127468204463836e-01,4.105127468204463059e-01,0.000000000000000000e+00,8.948725317955366632e-02,1.894872531795536441e-01
4.769330846170014356e-10,8.068826657838530370e-01,4.068826657838529592e-01,0.000000000000000000e+00,9.311733421614702688e-02,1.931173342161469908e-01
4.995918920553860077e-10,8.031317166898702675e-01,4.031317166898701898e-01,0.000000000000000000e+00,9.686828331012978244e-02,1.968682833101297602e-01
5.233272059704434862e-10,7.992579968811514002e-01,3.992579968811513225e-01,0.000000000000000000e+00,1.007420031188486081e-01,2.007420031188485998e-01
5.398363798902067384e-10,7.965963479880092679e-01,3.965963479880091347e-01,0.000000000000000000e+00,1.034036520119907820e-01,2.034036520119907598e-01
5.481901705451795201e-10,7.952596299512618705e-01,3.952596299512617928e-01,0.000000000000000000e+00,1.047403700487381517e-01,2.047403700487381295e-01
5.742343597923425890e-10,7.911351839410311060e-01,3.911351839410309728e-01,0.000000000000000000e+00,1.088648160589689440e-01,2.088648160589689218e-01
6.015158929941910548e-10,7.868834032828475600e-01,3.868834032828475378e-01,0.000000000000000000e+00,1.131165967171524345e-01,2.131165967171524123e-01
6.300935556267352686e-10,7.825032122203025020e-01,3.825032122203024243e-01,0.000000000000000000e+00,1.174967877796974924e-01,2.174967877796974702e-01
6.600289260290180724e-10,7.779937136142288656e-01,3.779937136142287324e-01,0.000000000000000000e+00,1.220062863857712121e-01,2.220062863857711899e-01
6.913865080903783776e-10,7.733541818098678133e-01,3.733541818098677356e-01,0.000000000000000000e+00,1.266458181901322366e-01,2.266458181901322144e-01
7.197818398536089846e-10,7.692254790949184518e-01,3.692254790949184851e-01,0.000000000000000000e+00,1.307745209050815149e-01,2.307745209050814650e-01
7.242338702416065977e-10,7.685842727550509235e-01,3.685842727550509568e-01,0.000000000000000000e+00,1.314157272449490155e-01,2.314157272449489655e-01
7.586417910494882871e-10,7.636836118754737335e-01,3.636836118754737668e-01,0.000000000000000000e+00,1.363163881245262332e-01,2.363163881245261833e-01
7.946844117284579856e-10,7.586525238474969290e-01,3.586525238474968513e-01,0.000000000000000000e+00,1.413474761525031209e-01,2.413474761525030710e-01
8.324393958979902357e-10,7.534916453377941137e-01,3.534916453377940915e-01,0.000000000000000000e+00,1.465083546622058808e-01,2.465083546622058308e-01
8.719880969299700478e-10,7.482018406341572891e-01,3.482018406341572669e-01,0.000000000000000000e+00,1.517981593658427053e-01,2.517981593658426553e-01
8.997272998170112307e-10,7.445605530216191648e-01,3.445605530216191981e-01,0.000000000000000000e+00,1.554394469783808019e-01,2.554394469783807242e-01
9.134157332466377258e-10,7.427843172079389156e-01,3.427843172079387823e-01,0.000000000000000000e+00,1.572156827920611621e-01,2.572156827920611399e-01
9.568115719468339796e-10,7.372404065263004069e-01,3.372404065263003847e-01,0.000000000000000000e+00,1.627595934736995875e-01,2.627595934736995376e-01
1.002269121156219518e-09,7.315718438604921214e-01,3.315718438604920992e-01,0.000000000000000000e+00,1.684281561395078453e-01,2.684281561395078231e-01
1.049886331515939135e-09,7.257812982455262851e-01,3.257812982455262629e-01,0.000000000000000000e+00,1.742187017544736816e-01,2.742187017544736594e-01
1.079672759780413477e-09,7.222334303800364008e-01,3.222334303800363231e-01,0.000000000000000000e+00,1.777665696199635936e-01,2.777665696199635992e-01
1.099765807243892480e-09,7.198716684707033853e-01,3.198716684707033076e-01,0.000000000000000000e+00,1.801283315292966369e-01,2.801283315292966147e-01
1.152015027223400259e-09,7.138459945295431153e-01,3.138459945295430376e-01,0.000000000000000000e+00,1.861540054704569069e-01,2.861540054704568847e-01
1.206746576595661737e-09,7.077077951757211327e-01,3.077077951757211660e-01,0.000000000000000000e+00,1.922922048242788062e-01,2.922922048242788118e-01
1.259618219743815723e-09,7.019401127740670931e-01,3.019401127740670154e-01,0.000000000000000000e+00,1.980598872259329291e-01,2.980598872259329624e-01
1.264078389355032083e-09,7.014606540829974035e-01,3.014606540829973813e-01,0.000000000000000000e+00,1.985393459170025909e-01,2.985393459170025965e-01
1.324134002469857798e-09,6.951094312179415535e-01,2.951094312179415868e-01,0.000000000000000000e+00,2.048905687820583854e-01,3.048905687820583910e-01
1.387042822076440420e-09,6.886591512626226708e-01,2.886591512626226486e-01,0.000000000000000000e+00,2.113408487373772959e-01,3.113408487373773292e-01
1.439563679707217969e-09,6.834263965750864145e-01,2.834263965750863368e-01,0.000000000000000000e+00,2.165736034249136355e-01,3.165736034249135855e-01
1.452940402319719743e-09,6.821151201235128303e-01,2.821151201235126971e-01,0.000000000000000000e+00,2.178848798764872474e-01,3.178848798764872252e-01
1.521968737441509934e-09,6.754823532642154627e-01,2.754823532642154404e-01,0.000000000000000000e+00,2.245176467357845318e-01,3.245176467357844818e-01
1.594276567745675600e-09,6.687673558553911546e-01,2.687673558553911324e-01,0.000000000000000000e+00,2.312326441446088121e-01,3.312326441446087899e-01
1.619509139670620215e-09,6.664782029998131963e-01,2.664782029998131185e-01,0.000000000000000000e+00,2.335217970001867982e-01,3.335217970001868037e-01
1.670019700099523989e-09,6.619771748941220002e-01,2.619771748941219225e-01,0.000000000000000000e+00,2.380228251058780498e-01,3.380228251058780553e-01
1.749361343662069212e-09,6.551186340568477817e-01,2.551186340568476485e-01,0.000000000000000000e+00,2.448813659431522960e-01,3.448813659431522738e-01
1.799454599634022461e-09,6.509163358788276899e-01,2.509163358788276121e-01,0.000000000000000000e+00,2.490836641211723046e-01,3.490836641211723101e-01
1.832472461562435382e-09,6.481986321629427117e-01,2.481986321629426617e-01,0.000000000000000000e+00,2.518013678370573105e-01,3.518013678370572883e-01
1.919532139286477631e-09,6.412248930980474215e-01,2.412248930980473993e-01,0.000000000000000000e+00,2.587751069019525452e-01,3.587751069019525230e-01
1.979400059597424708e-09,6.365851873577736963e-01,2.365851873577735631e-01,0.000000000000000000e+00,2.634148126422263814e-01,3.634148126422263592e-01
2.010727970565003234e-09,6.342060747939258780e-01,2.342060747939258558e-01,0.000000000000000000e+00,2.657939252060740887e-01,3.657939252060740665e-01
2.106256461595558271e-09,6.271505206906408114e-01,2.271505206906406782e-01,0.000000000000000000e+00,2.728494793093592663e-01,3.728494793093592441e-01
2.159345519560826954e-09,6.233540245149415959e-01,2.233540245149414349e-01,0.000000000000000000e+00,2.766459754850584818e-01,3.766459754850584596e-01
2.206323454468297063e-09,6.200659643249526454e-01,2.200659643249525121e-01,0.000000000000000000e+00,2.799340356750474323e-01,3.799340356750474101e-01
2.311144570708826610e-09,6.129621450939861660e-01,2.129621450939860883e-01,0.000000000000000000e+00,2.870378549060138562e-01,3.870378549060138340e-01
2.339290979524229200e-09,6.111075381890828107e-01,2.111075381890827329e-01,0.000000000000000000e+00,2.888924618109172116e-01,3.888924618109171893e-01
2.420945675893232914e-09,6.058486343130002894e-01,2.058486343130001561e-01,0.000000000000000000e+00,2.941513656869997884e-01,3.941513656869997662e-01
2.519236439487631446e-09,5.997484546469374900e-01,1.997484546469373012e-01,0.000000000000000000e+00,3.002515453530626988e-01,4.002515453530626766e-01
2.535963366336979464e-09,5.987343832847022984e-01,1.987343832847021097e-01,0.000000000000000000e+00,3.012656167152978348e-01,4.012656167152978126e-01
2.656445478905803407e-09,5.916284785191133766e-01,1.916284785191131879e-01,0.000000000000000000e+00,3.083715214808867566e-01,4.083715214808867899e-01
2.699181899451033692e-09,5.891890353785894652e-01,1.891890353785893319e-01,0.000000000000000000e+00,3.108109646214106125e-01,4.108109646214105903e-01
2.782651625047731426e-09,5.845416292341865105e-01,1.845416292341863773e-01,0.000000000000000000e+00,3.154583707658135672e-01,4.154583707658136005e-01
2.879127359414435938e-09,5.793554392956088428e-01,1.793554392956087928e-01,0.000000000000000000e+00,3.206445607043911794e-01,4.206445607043911572e-01
2.914853750196372756e-09,5.774833426959187221e-01,1.774833426959186167e-01,0.000000000000000000e+00,3.225166573040813556e-01,4.225166573040813334e-01
3.053336719751298216e-09,5.704629482237290050e-01,1.704629482237289273e-01,0.000000000000000000e+00,3.295370517762710172e-01,4.295370517762709950e-01
3.059072819377838185e-09,5.701800242085948156e-01,1.701800242085947379e-01,0.000000000000000000e+00,3.298199757914052621e-01,4.298199757914052399e-01
3.198398932897933007e-09,5.634912183067644076e-01,1.634912183067642466e-01,0.000000000000000000e+00,3.365087816932357256e-01,4.365087816932357034e-01
3.239018279341240431e-09,5.616054213259922268e-01,1.616054213259921768e-01,0.000000000000000000e+00,3.383945786740077399e-01,4.383945786740077177e-01
3.350352965589682572e-09,5.565778119081846720e-01,1.565778119081845943e-01,0.000000000000000000e+00,3.434221880918153502e-01,4.434221880918153280e-01
3.418963739304642677e-09,5.535788784855434352e-01,1.535788784855433853e-01,0.000000000000000000e+00,3.464211215144565870e-01,4.464211215144565648e-01
3.509526244077754932e-09,5.497318887387502295e-01,1.497318887387501796e-01,0.000000000000000000e+00,3.502681112612497372e-01,4.502681112612497150e-01
3.598909199268044923e-09,5.460546541297406353e-01,1.460546541297406131e-01,0.000000000000000000e+00,3.539453458702593314e-01,4.539453458702593092e-01
3.676261750439982765e-09,5.429644015043810779e-01,1.429644015043810557e-01,0.000000000000000000e+00,3.570355984956188888e-01,4.570355984956188666e-01
3.778854659231447583e-09,5.389920801790435423e-01,1.389920801790433535e-01,0.000000000000000000e+00,3.610079198209565909e-01,4.610079198209565687e-01
3.850918761628903535e-09,5.362843838995906554e-01,1.362843838995904944e-01,0.000000000000000000e+00,3.637156161004094779e-01,4.637156161004094557e-01
3.958800119194849415e-09,5.323531991812041619e-01,1.323531991812040010e-01,0.000000000000000000e+00,3.676468008187959158e-01,4.676468008187958936e-01
4.033873623631575019e-09,5.297009820655188550e-01,1.297009820655186940e-01,0.000000000000000000e+00,3.702990179344812782e-01,4.702990179344812560e-01
4.138745579158251248e-09,5.261059368150181603e-01,1.261059368150180271e-01,0.000000000000000000e+00,3.738940631849819174e-01,4.738940631849818952e-01
4.225520562409258780e-09,5.232243380758416773e-01,1.232243380758415024e-01,0.000000000000000000e+00,3.767756619241584004e-01,4.767756619241583782e-01
4.318691039121653908e-09,5.202202324337603656e-01,1.202202324337602046e-01,0.000000000000000000e+00,3.797797675662397121e-01,4.797797675662396899e-01
4.426272533364374085e-09,5.168626147869773702e-01,1.168626147869772369e-01,0.000000000000000000e+00,3.831373852130226521e-01,4.831373852130226298e-01
4.498636499085056567e-09,5.146687735839839961e-01,1.146687735839838490e-01,0.000000000000000000e+00,3.853312264160160816e-01,4.853312264160160594e-01
4.636562111165114140e-09,5.106251347515301520e-01,1.106251347515299771e-01,0.000000000000000000e+00,3.893748652484699257e-01,4.893748652484699035e-01
4.678581959048458400e-09,5.094278715935030011e-01,1.094278715935028262e-01,0.000000000000000000e+00,3.905721284064970766e-01,4.905721284064970544e-01
4.856842421845106569e-09,5.045202622339869380e-01,1.045202622339867771e-01,0.000000000000000000e+00,3.954797377660131952e-01,4.954797377660131730e-01
4.858527419011860232e-09,5.044751543137484529e-01,1.044751543137482502e-01,0.000000000000000000e+00,3.955248456862516804e-01,4.955248456862516582e-01
5.038472878975262892e-09,4.997901304311378468e-01,9.979013043113764414e-02,0.000000000000000000e+00,4.002098695688622865e-01,5.002098695688622643e-01
5.087588119186570961e-09,4.985555728792595009e-01,9.855557287925932608e-02,0.000000000000000000e+00,4.014444271207406323e-01,5.014444271207405546e-01
5.218418338938665552e-09,4.953552749525871324e-01,9.535527495258695752e-02,0.000000000000000000e+00,4.046447250474130009e-01,5.046447250474129786e-01
5.329296407490863546e-09,4.927397570718677344e-01,9.273975707186755957e-02,0.000000000000000000e+00,4.072602429281323988e-01,5.072602429281324321e-01
5.398363798902067384e-09,4.911535267145615280e-01,9.115352671456136702e-02,0.000000000000000000e+00,4.088464732854386052e-01,5.088464732854385275e-01
5.578309258865469217e-09,4.871691320967616590e-01,8.716913209676147023e-02,0.000000000000000000e+00,4.128308679032384743e-01,5.128308679032385076e-01
5.582488112940239833e-09,4.870790765409404033e-01,8.707907654094022842e-02,0.000000000000000000e+00,4.129209234590597299e-01,5.129209234590597077e-01
5.758254718828871877e-09,4.833886674086136370e-01,8.338866740861350380e-02,0.000000000000000000e+00,4.166113325913864962e-01,5.166113325913864740e-01
5.847708805859379667e-09,4.815811583774896598e-01,8.158115837748948496e-02,0.000000000000000000e+00,4.184188416225104734e-01,5.184188416225105067e-01
5.938200178792274536e-09,4.797991761134088873e-01,7.979917611340872630e-02,0.000000000000000000e+00,4.202008238865912459e-01,5.202008238865911682e-01
6.118145638755676369e-09,4.763883571608533152e-01,7.638835716085316807e-02,0.000000000000000000e+00,4.236116428391468181e-01,5.236116428391467403e-01
6.125529976294889245e-09,4.762520466814864628e-01,7.625204668148628795e-02,0.000000000000000000e+00,4.237479533185136704e-01,5.237479533185136482e-01
6.298091098719078202e-09,4.731455788954316288e-01,7.314557889543145397e-02,0.000000000000000000e+00,4.268544211045685044e-01,5.268544211045684822e-01
6.416550265445890031e-09,4.710977227671537260e-01,7.109772276715353723e-02,0.000000000000000000e+00,4.289022772328464073e-01,5.289022772328464406e-01
6.478036558682480861e-09,4.700608480306765480e-01,7.006084803067637312e-02,0.000000000000000000e+00,4.299391519693235852e-01,5.299391519693235075e-01
6.657982018645883521e-09,4.671246165575456688e-01,6.712461655754545231e-02,0.000000000000000000e+00,4.328753834424544644e-01,5.328753834424544422e-01
6.721396755599135284e-09,4.661235659105473217e-01,6.612356591054713295e-02,0.000000000000000000e+00,4.338764340894528115e-01,5.338764340894527338e-01
6.837927478609285354e-09,4.643281643899054290e-01,6.432816438990522634e-02,0.000000000000000000e+00,4.356718356100947043e-01,5.356718356100946821e-01
7.017872938572687186e-09,4.616637243996515316e-01,6.166372439965134289e-02,0.000000000000000000e+00,4.383362756003486016e-01,5.383362756003485794e-01
7.040726321348188686e-09,4.613343893636259185e-01,6.133438936362572980e-02,0.000000000000000000e+00,4.386656106363742147e-01,5.386656106363741925e-01
7.197818398536089846e-09,4.591237990375487965e-01,5.912379903754860777e-02,0.000000000000000000e+00,4.408762009624513367e-01,5.408762009624512590e-01
7.375227045008212607e-09,4.567344310421747045e-01,5.673443104217454347e-02,0.000000000000000000e+00,4.432655689578254288e-01,5.432655689578252955e-01
7.377763858499492506e-09,4.567010619603738553e-01,5.670106196037367347e-02,0.000000000000000000e+00,4.432989380396262780e-01,5.432989380396262558e-01
7.557709318462895165e-09,4.543894113939276891e-01,5.438941139392750035e-02,0.000000000000000000e+00,4.456105886060724441e-01,5.456105886060723664e-01
7.725619699276278539e-09,4.523273418006051871e-01,5.232734180060501228e-02,0.000000000000000000e+00,4.476726581993949461e-01,5.476726581993948129e-01
7.737654778426296171e-09,4.521829312125070222e-01,5.218293121250685423e-02,0.000000000000000000e+00,4.478170687874931111e-01,5.478170687874930334e-01
7.917600238389698830e-09,4.500758724457321058e-01,5.007587244573193791e-02,0.000000000000000000e+00,4.499241275542680274e-01,5.499241275542678942e-01
8.092659300331984632e-09,4.481162127309452070e-01,4.811621273094501133e-02,0.000000000000000000e+00,4.518837872690549262e-01,5.518837872690548485e-01
8.097545698353101490e-09,4.480627454733328019e-01,4.806274547333263397e-02,0.000000000000000000e+00,4.519372545266673313e-01,5.519372545266671981e-01
8.277491158316502496e-09,4.461388508786838791e-01,4.613885087868368345e-02,0.000000000000000000e+00,4.538611491213162541e-01,5.538611491213161209e-01
8.457436618279905155e-09,4.442996948796890666e-01,4.429969487968887787e-02,0.000000000000000000e+00,4.557003051203110666e-01,5.557003051203109889e-01
8.477136734724965325e-09,4.441033017056001397e-01,4.410330170559995794e-02,0.000000000000000000e+00,4.558966982943999935e-01,5.558966982943999158e-01
8.637382078243307815e-09,4.425408842763326467e-01,4.254088427633252734e-02,0.000000000000000000e+00,4.574591157236674865e-01,5.574591157236672423e-01
8.817327538206710475e-09,4.408581930381144098e-01,4.085819303811427661e-02,0.000000000000000000e+00,4.591418069618857234e-01,5.591418069618855347e-01
8.879880463554848107e-09,4.402904002408939976e-01,4.029040024089383665e-02,0.000000000000000000e+00,4.597095997591061356e-01,5.597095997591059469e-01
8.997272998170113135e-09,4.392479510683643951e-01,3.924795106836427572e-02,0.000000000000000000e+00,4.607520489316357382e-01,5.607520489316355494e-01
9.177218458133514140e-09,4.377066811494723098e-01,3.770668114947217653e-02,0.000000000000000000e+00,4.622933188505278235e-01,5.622933188505275792e-01
9.301758307615804149e-09,4.366785466310509900e-01,3.667854663105080820e-02,0.000000000000000000e+00,4.633214533689491432e-01,5.633214533689490100e-01
9.357163918096916800e-09,4.362309676842361927e-01,3.623096768423602482e-02,0.000000000000000000e+00,4.637690323157639405e-01,5.637690323157638073e-01
9.537109378060319459e-09,4.348175134537131670e-01,3.481751345371301293e-02,0.000000000000000000e+00,4.651824865462869663e-01,5.651824865462867775e-01
9.717054838023720465e-09,4.334634097601255953e-01,3.346340976012546209e-02,0.000000000000000000e+00,4.665365902398745379e-01,5.665365902398743492e-01
9.743679317352243945e-09,4.332679328492901605e-01,3.326793284928997868e-02,0.000000000000000000e+00,4.667320671507099727e-01,5.667320671507097840e-01
9.897000297987123125e-09,4.321659270457886559e-01,3.216592704578848105e-02,0.000000000000000000e+00,4.678340729542114773e-01,5.678340729542112886e-01
1.007694575795052578e-08,4.309223729928586821e-01,3.092237299285855237e-02,0.000000000000000000e+00,4.690776270071414511e-01,5.690776270071412624e-01
1.020659573165499949e-08,4.300583509800433579e-01,3.005835098004322817e-02,0.000000000000000000e+00,4.699416490199567753e-01,5.699416490199565866e-01
1.025689121791392844e-08,4.297301441675906997e-01,2.973014416759056991e-02,0.000000000000000000e+00,4.702698558324094336e-01,5.702698558324091893e-01
1.043683667787733110e-08,4.285869051012380360e-01,2.858690510123792355e-02,0.000000000000000000e+00,4.714130948987620973e-01,5.714130948987617975e-01
1.061678213784073211e-08,4.274904863642267627e-01,2.749048636422663644e-02,0.000000000000000000e+00,4.725095136357733705e-01,5.725095136357731818e-01
1.069150502971874827e-08,4.270484398494990841e-01,2.704843984949894739e-02,0.000000000000000000e+00,4.729515601505010491e-01,5.729515601505008604e-01
1.079672759780413477e-08,4.264387570250200987e-01,2.643875702501996550e-02,0.000000000000000000e+00,4.735612429749800345e-01,5.735612429749797903e-01
1.097667305776753743e-08,4.254296248805583547e-01,2.542962488055822839e-02,0.000000000000000000e+00,4.745703751194417785e-01,5.745703751194415343e-01
1.115661851773093843e-08,4.244611397777882655e-01,2.446113977778815313e-02,0.000000000000000000e+00,4.755388602222118677e-01,5.755388602222116790e-01
1.119945208038196760e-08,4.242364083360479210e-01,2.423640833604776348e-02,0.000000000000000000e+00,4.757635916639522122e-01,5.757635916639520790e-01
1.133656397769434109e-08,4.235316090431024971e-01,2.353160904310238472e-02,0.000000000000000000e+00,4.764683909568976361e-01,5.764683909568973919e-01
1.151650943765774375e-08,4.226393400028937153e-01,2.263934000289359594e-02,0.000000000000000000e+00,4.773606599971064179e-01,5.773606599971061737e-01
1.169645489762114641e-08,4.217826648223839126e-01,2.178266482238375157e-02,0.000000000000000000e+00,4.782173351776162207e-01,5.782173351776160874e-01
1.173153139358074918e-08,4.216196902245456513e-01,2.161969022454551109e-02,0.000000000000000000e+00,4.783803097754544820e-01,5.783803097754542932e-01
1.187640035758454907e-08,4.209599881178259784e-01,2.095998811782582086e-02,0.000000000000000000e+00,4.790400118821741549e-01,5.790400118821740216e-01
1.205634581754795008e-08,4.201698047258412005e-01,2.016980472584104997e-02,0.000000000000000000e+00,4.798301952741589327e-01,5.798301952741587995e-01
1.223629127751135274e-08,4.194108043068895952e-01,1.941080430688944120e-02,0.000000000000000000e+00,4.805891956931105380e-01,5.805891956931104048e-01
1.228888947876784986e-08,4.191946483139467050e-01,1.919464831394657872e-02,0.000000000000000000e+00,4.808053516860534282e-01,5.808053516860531840e-01
1.241623673747475540e-08,4.186816765214311786e-01,1.868167652143102458e-02,0.000000000000000000e+00,4.813183234785689546e-01,5.813183234785688214e-01
1.259618219743815640e-08,4.179811260942343232e-01,1.798112609423419342e-02,0.000000000000000000e+00,4.820188739057658101e-01,5.820188739057655658e-01
1.277612765740155906e-08,4.173079182565584411e-01,1.730791825655832172e-02,0.000000000000000000e+00,4.826920817434416922e-01,5.826920817434414479e-01
1.287272731537882907e-08,4.169573778783758344e-01,1.695737787837569427e-02,0.000000000000000000e+00,4.830426221216242988e-01,5.830426221216241656e-01
1.295607311736496172e-08,4.166608693149527198e-01,1.666086931495256926e-02,0.000000000000000000e+00,4.833391306850474134e-01,5.833391306850472802e-01
1.313601857732836438e-08,4.160389529686261967e-01,1.603895296862607733e-02,0.000000000000000000e+00,4.839610470313739365e-01,5.839610470313737478e-01
1.331596403729176704e-08,4.154411429167881309e-01,1.544114291678799419e-02,0.000000000000000000e+00,4.845588570832120023e-01,5.845588570832117581e-01
1.348430294066855893e-08,4.149028107678746635e-01,1.490281076787447999e-02,0.000000000000000000e+00,4.850971892321254697e-01,5.850971892321252810e-01
1.349590949725516805e-08,4.148664215548685807e-01,1.486642155486842323e-02,0.000000000000000000e+00,4.851335784451315525e-01,5.851335784451313637e-01
1.367585495721857071e-08,4.143138227975118881e-01,1.431382279751173929e-02,0.000000000000000000e+00,4.856861772024882451e-01,5.856861772024880564e-01
1.385580041718197337e-08,4.137824060665046821e-01,1.378240606650452289e-02,0.000000000000000000e+00,4.862175939334954511e-01,5.862175939334952623e-01
1.403574587714537437e-08,4.132713595923848127e-01,1.327135959238464127e-02,0.000000000000000000e+00,4.867286404076153206e-01,5.867286404076151873e-01
1.412493416049431845e-08,4.130253641302066292e-01,1.302536413020646128e-02,0.000000000000000000e+00,4.869746358697935040e-01,5.869746358697933708e-01
1.421569133710877703e-08,4.127798716056901296e-01,1.277987160568994605e-02,0.000000000000000000e+00,4.872201283943100036e-01,5.872201283943098149e-01
1.439563679707217969e-08,4.123071348488011045e-01,1.230713484880095569e-02,0.000000000000000000e+00,4.876928651511990287e-01,5.876928651511988955e-01
1.457558225703558235e-08,4.118523866151254653e-01,1.185238661512528525e-02,0.000000000000000000e+00,4.881476133848746679e-01,5.881476133848745347e-01
1.475552771699898501e-08,4.114148728974331148e-01,1.141487289743294865e-02,0.000000000000000000e+00,4.885851271025670184e-01,5.885851271025669407e-01
1.479600138888657475e-08,4.113187745017021779e-01,1.131877450170202734e-02,0.000000000000000000e+00,4.886812254982979553e-01,5.886812254982978221e-01
1.493547317696238767e-08,4.109939462965701562e-01,1.099394629657001604e-02,0.000000000000000000e+00,4.890060537034299770e-01,5.890060537034298438e-01
1.511541863692579033e-08,4.105889594133826925e-01,1.058895941338255237e-02,0.000000000000000000e+00,4.894110405866174407e-01,5.894110405866173075e-01
1.529536409688918968e-08,4.101992665991984199e-01,1.019926659919826589e-02,0.000000000000000000e+00,4.898007334008017133e-01,5.898007334008016356e-01
1.547530955685259234e-08,4.098242611896620313e-01,9.824261189661903301e-03,0.000000000000000000e+00,4.901757388103381019e-01,5.901757388103379132e-01
1.549895062252608964e-08,4.097760508235542831e-01,9.776050823554116934e-03,0.000000000000000000e+00,4.902239491764458501e-01,5.902239491764457169e-01
1.565525501681599500e-08,4.094633342070755355e-01,9.463334207075364130e-03,0.000000000000000000e+00,4.905366657929245977e-01,5.905366657929245200e-01
1.583520047677939766e-08,4.091159657565480168e-01,9.115965756547848853e-03,0.000000000000000000e+00,4.908840342434521165e-01,5.908840342434520387e-01
1.601514593674280032e-08,4.087816359431887259e-01,8.781635943188556212e-03,0.000000000000000000e+00,4.912183640568114074e-01,5.912183640568112741e-01
1.619509139670620298e-08,4.084598248721068026e-01,8.459824872106684948e-03,0.000000000000000000e+00,4.915401751278933307e-01,5.915401751278931419e-01
1.623529655653666296e-08,4.083895886385097707e-01,8.389588638509606205e-03,0.000000000000000000e+00,4.916104113614903626e-01,5.916104113614902849e-01
1.637503685666960564e-08,4.081500468012013161e-01,8.150046801201160304e-03,0.000000000000000000e+00,4.918499531987988171e-01,5.918499531987987394e-01
1.655498231663300499e-08,4.078518069575139404e-01,7.851806957513810664e-03,0.000000000000000000e+00,4.921481930424861928e-01,5.921481930424860041e-01
1.673492777659640765e-08,4.075646853439259254e-01,7.564685343925793039e-03,0.000000000000000000e+00,4.924353146560742078e-01,5.924353146560740191e-01
1.691487323655981031e-08,4.072882620305133261e-01,7.288262030513185073e-03,0.000000000000000000e+00,4.927117379694868071e-01,5.927117379694866184e-01
1.700662584830733240e-08,4.071512991731993658e-01,7.151299173199229982e-03,0.000000000000000000e+00,4.928487008268007674e-01,5.928487008268006342e-01
1.709481869652321297e-08,4.070221170873521976e-01,7.022117087352055739e-03,0.000000000000000000e+00,4.929778829126479356e-01,5.929778829126477468e-01
1.727476415648661563e-08,4.067658561850212573e-01,6.765856185021114529e-03,0.000000000000000000e+00,4.932341438149788759e-01,5.932341438149787427e-01
1.745470961645001829e-08,4.065190785841517607e-01,6.519078584151613565e-03,0.000000000000000000e+00,4.934809214158483726e-01,5.934809214158482948e-01
1.763465507641342095e-08,4.062814421980113222e-01,6.281442198011162083e-03,0.000000000000000000e+00,4.937185578019888110e-01,5.937185578019887888e-01
1.781460053637682361e-08,4.060526061895669558e-01,6.052606189566785318e-03,0.000000000000000000e+00,4.939473938104331774e-01,5.939473938104331552e-01
1.781460053637684015e-08,4.060526061895669003e-01,6.052606189566764501e-03,0.000000000000000000e+00,4.939473938104332329e-01,5.939473938104331552e-01
