# t,NH3(w),OH·(w),NH3·OH#(w),NH2·(w),H2O(w),NH4+(w)
0.000000000000000000e+00,1.000000000000000056e-01,1.000000000000000056e-01,0.000000000000000000e+00,0.000000000000000000e+00,0.000000000000000000e+00,0.000000000000000000e+00
3.366924130819065086e-08,6.120097516859462905e-02,6.120097517044147117e-02,0.000000000000000000e+00,3.879902482955852050e-02,3.879902482955852744e-02,1.846880280411660793e-12
3.366924130819065748e-08,6.120097516859462211e-02,6.120097517044146423e-02,0.000000000000000000e+00,3.879902482955852744e-02,3.879902482955853438e-02,1.846880280411660793e-12
3.526884695519969675e-08,6.009329106161062639e-02,6.009329106352617744e-02,0.000000000000000000e+00,3.990670893647381423e-02,3.990670893647382811e-02,1.915583417665578290e-12
3.694444891595165762e-08,5.897511096833819161e-02,5.897511097032438060e-02,0.000000000000000000e+00,4.102488902967561107e-02,4.102488902967561801e-02,1.986230831160213325e-12
3.869965773015255397e-08,5.784762436929399843e-02,5.784762437135280294e-02,0.000000000000000000e+00,4.215237562864718873e-02,4.215237562864719567e-02,2.058837921274571335e-12
4.053825547210433554e-08,5.671195127243960910e-02,5.671195127457299284e-02,0.000000000000000000e+00,4.328804872542699883e-02,4.328804872542700577e-02,2.133419897998117050e-12
4.246420390021157899e-08,5.556909213122453867e-02,5.556909213343449311e-02,0.000000000000000000e+00,4.443090786656549857e-02,4.443090786656550550e-02,2.209992617318858445e-12
4.448165299366642308e-08,5.442028747697656710e-02,5.442028747926509757e-02,0.000000000000000000e+00,4.557971252073489410e-02,4.557971252073490104e-02,2.288566271121803363e-12
4.659494989470637189e-08,5.326684258487171530e-02,5.326684258724082716e-02,0.000000000000000000e+00,4.673315741275916452e-02,4.673315741275917146e-02,2.369148367555756299e-12
4.880864827571336434e-08,5.210991593756732904e-02,5.210991594001904148e-02,0.000000000000000000e+00,4.789008405998095019e-02,4.789008405998095713e-02,2.451747163413707326e-12
5.112751815133827638e-08,5.095061413573265946e-02,5.095061413826899865e-02,0.000000000000000000e+00,4.904938586173099302e-02,4.904938586173099996e-02,2.536370000795176261e-12
5.355655615679349312e-08,4.979034292347226526e-02,4.979034292609525042e-02,0.000000000000000000e+00,5.020965707390474125e-02,5.020965707390474819e-02,2.623016782644236172e-12
5.439166145291531573e-08,4.940356749566848088e-02,4.940356749832079675e-02,0.000000000000000000e+00,5.059643250167919493e-02,5.059643250167920187e-02,2.652350578042590448e-12
5.610099631446116624e-08,4.863034898388305521e-02,4.863034898659470556e-02,0.000000000000000000e+00,5.136965101340528611e-02,5.136965101340529999e-02,2.711688267546713671e-12
5.876632131201656835e-08,4.747174307940071197e-02,4.747174308220306754e-02,0.000000000000000000e+00,5.252825691779692413e-02,5.252825691779693801e-02,2.802385611971912659e-12
6.155827431636838311e-08,4.631588822785017573e-02,4.631588823074524880e-02,0.000000000000000000e+00,5.368411176925474287e-02,5.368411176925475675e-02,2.895102744006246883e-12
6.448287134887236121e-08,4.516404528498641630e-02,4.516404528797621915e-02,0.000000000000000000e+00,5.483595471202377253e-02,5.483595471202378641e-02,2.989833240825913353e-12
6.733848261638130172e-08,4.409321898441684318e-02,4.409321898749689328e-02,0.000000000000000000e+00,5.590678101250309839e-02,5.590678101250311227e-02,3.080085425945455969e-12
6.754641424848371375e-08,4.401722607180900970e-02,4.401722607489554767e-02,0.000000000000000000e+00,5.598277392510444400e-02,5.598277392510445788e-02,3.086573340370502268e-12
7.075550425078210594e-08,4.287681864641009616e-02,4.287681864959537459e-02,0.000000000000000000e+00,5.712318135040461708e-02,5.712318135040463096e-02,3.185308768666416571e-12
7.411705621212641080e-08,4.174399579223238288e-02,4.174399579551837935e-02,0.000000000000000000e+00,5.825600420448161232e-02,5.825600420448162620e-02,3.286027276022170596e-12
7.763831350959222043e-08,4.061971083387504872e-02,4.061971083726374082e-02,0.000000000000000000e+00,5.938028916273625085e-02,5.938028916273626473e-02,3.388718785737660838e-12
8.132686364879570242e-08,3.950522321982800900e-02,3.950522322332133962e-02,0.000000000000000000e+00,6.049477677667865205e-02,6.049477677667866593e-02,3.493363462621444442e-12
8.519065461323601218e-08,3.840159332784807977e-02,3.840159333144799181e-02,0.000000000000000000e+00,6.159840666855199987e-02,6.159840666855202068e-02,3.599943342848895187e-12
8.923801199038542028e-08,3.730964695588056407e-02,3.730964695958897959e-02,0.000000000000000000e+00,6.269035304041101209e-02,6.269035304041102596e-02,3.708443257271048201e-12
9.347765691142958779e-08,3.623058222895503971e-02,3.623058223277385304e-02,0.000000000000000000e+00,6.376941776722613864e-02,6.376941776722616639e-02,3.818835909306073877e-12
9.791872484331438947e-08,3.516523248178568539e-02,3.516523248571675614e-02,0.000000000000000000e+00,6.483476751428322860e-02,6.483476751428325635e-02,3.931100415049286957e-12
1.010077239245719592e-07,3.446036749763643076e-02,3.446036750164365586e-02,0.000000000000000000e+00,6.553963249835632887e-02,6.553963249835635663e-02,4.007258074050132237e-12
1.025707852735916288e-07,3.411437184995624178e-02,3.411437185400142263e-02,0.000000000000000000e+00,6.588562814599856210e-02,6.588562814599858986e-02,4.045214465240768082e-12
1.074438623304802092e-07,3.307897725686039653e-02,3.307897726102151242e-02,0.000000000000000000e+00,6.692102273897847231e-02,6.692102273897850007e-02,4.161147352599827838e-12
1.087833229058306315e-07,3.280529713487560783e-02,3.280529713906797651e-02,0.000000000000000000e+00,6.719470286093201516e-02,6.719470286093204292e-02,4.192397623471167503e-12
1.125484563825739147e-07,3.205965394570252369e-02,3.205965394998136486e-02,0.000000000000000000e+00,6.794034605001861293e-02,6.794034605001864069e-02,4.278875900264831178e-12
1.178955666647387644e-07,3.105719547506380351e-02,3.105719547946213938e-02,0.000000000000000000e+00,6.894280452053784536e-02,6.894280452053787311e-02,4.398368378628835530e-12
1.234967149789530668e-07,3.007222291476530779e-02,3.007222291928487307e-02,0.000000000000000000e+00,6.992777708071511167e-02,6.992777708071513942e-02,4.519595521274556326e-12
1.293639705211604630e-07,2.910522877377343456e-02,2.910522877841593276e-02,0.000000000000000000e+00,7.089477122158405198e-02,7.089477122158407973e-02,4.642528870056248205e-12
1.346769652327626034e-07,2.828180361117774502e-02,2.828180361592819506e-02,0.000000000000000000e+00,7.171819638407178621e-02,7.171819638407181396e-02,4.750482664622452648e-12
1.355099758876318079e-07,2.815691464541086528e-02,2.815691465017796519e-02,0.000000000000000000e+00,7.184308534982201955e-02,7.184308534982204730e-02,4.767130748820086363e-12
1.419479743168742115e-07,2.722753827087254219e-02,2.722753827576588487e-02,0.000000000000000000e+00,7.277246172423409987e-02,7.277246172423412762e-02,4.893375091031370439e-12
1.486918382257865188e-07,2.631764815777989583e-02,2.631764816280108762e-02,0.000000000000000000e+00,7.368235183719890058e-02,7.368235183719892833e-02,5.021223244160779527e-12
1.557560991015509359e-07,2.542753901431784452e-02,2.542753901946845710e-02,0.000000000000000000e+00,7.457246098053152417e-02,7.457246098053155192e-02,5.150642879327182921e-12
1.631559788136705776e-07,2.455748116869770417e-02,2.455748117397927449e-02,0.000000000000000000e+00,7.544251882602071024e-02,7.544251882602073800e-02,5.281599745155249488e-12
1.631749843587459538e-07,2.455532330828569601e-02,2.455532331356759593e-02,0.000000000000000000e+00,7.544467668643238534e-02,7.544467668643241309e-02,5.281930283004984286e-12
1.683462065409532477e-07,2.398197241487930870e-02,2.398197242025008544e-02,0.000000000000000000e+00,7.601802757974988889e-02,7.601802757974993052e-02,5.370803344676346368e-12
1.709074224136231869e-07,2.370777599135900568e-02,2.370777599677303255e-02,0.000000000000000000e+00,7.629222400322693831e-02,7.629222400322697994e-02,5.414056162665255037e-12
1.790271324928071119e-07,2.287847016979947454e-02,2.287847017534742899e-02,0.000000000000000000e+00,7.712152982465254880e-02,7.712152982465259043e-02,5.547981653576905166e-12
1.875326051728126535e-07,2.206987623221226547e-02,2.206987623789556999e-02,0.000000000000000000e+00,7.793012376210441128e-02,7.793012376210445291e-02,5.683332919333263353e-12
1.964421678055700525e-07,2.128189865790948432e-02,2.128189866372953362e-02,0.000000000000000000e+00,7.871810133627044070e-02,7.871810133627048234e-02,5.820081309659937088e-12
2.020154478491439184e-07,2.081699244550500733e-02,2.081699245140813948e-02,0.000000000000000000e+00,7.918300754859183832e-02,7.918300754859187995e-02,5.903161094739301234e-12
2.057750184646089672e-07,2.051469383312063549e-02,2.051469383907878960e-02,0.000000000000000000e+00,7.948530616092118473e-02,7.948530616092122636e-02,5.958185098999252498e-12
2.155512673125241727e-07,1.976818017430197194e-02,1.976818018039955271e-02,0.000000000000000000e+00,8.023181981960042508e-02,8.023181981960046671e-02,6.097611348743874013e-12
2.175666458116612629e-07,1.962098775493488489e-02,1.962098776106057860e-02,0.000000000000000000e+00,8.037901223893939573e-02,8.037901223893943736e-02,6.125722742527139927e-12
2.257919799337851264e-07,1.904234039548693275e-02,1.904234040172522388e-02,0.000000000000000000e+00,8.095765959827475045e-02,8.095765959827479208e-02,6.238321935150273438e-12
2.356846891573345627e-07,1.839003819852864582e-02,1.839003820489804389e-02,0.000000000000000000e+00,8.160996179510193738e-02,8.160996179510197901e-02,6.369428771163089965e-12
2.365192227262614410e-07,1.833704445547289577e-02,1.833704446185314627e-02,0.000000000000000000e+00,8.166295553814682806e-02,8.166295553814686969e-02,6.380282764385915585e-12
2.477561104492728534e-07,1.765217946392386508e-02,1.765217947044728924e-02,0.000000000000000000e+00,8.234782052955268161e-02,8.234782052955272325e-02,6.523456699759975316e-12
2.595268560306187312e-07,1.698759114616750845e-02,1.698759115283528243e-02,0.000000000000000000e+00,8.301240884716469537e-02,8.301240884716473700e-02,6.667807709883892206e-12
2.693539304655252069e-07,1.646987178463211673e-02,1.646987179141630453e-02,0.000000000000000000e+00,8.353012820858365939e-02,8.353012820858370102e-02,6.784220985101793893e-12
2.718568227399098153e-07,1.634302485747103281e-02,1.634302486428430151e-02,0.000000000000000000e+00,8.365697513571566934e-02,8.365697513571571098e-02,6.813303289192583127e-12
2.719583072645765720e-07,1.633792287037017649e-02,1.633792287718462133e-02,0.000000000000000000e+00,8.366207712281534259e-02,8.366207712281538422e-02,6.814477753051782071e-12
2.847725788406244113e-07,1.571831965120127489e-02,1.571831965816114507e-02,0.000000000000000000e+00,8.428168034183881885e-02,8.428168034183886048e-02,6.959904821116615042e-12
2.983019548386507210e-07,1.511314884514737555e-02,1.511314885225492101e-02,0.000000000000000000e+00,8.488685114774503770e-02,8.488685114774507934e-02,7.107581756984253552e-12
3.030231717737158776e-07,1.491280111480967376e-02,1.491280112196741690e-02,0.000000000000000000e+00,8.508719887803255222e-02,8.508719887803259385e-02,7.157779534127213821e-12
3.124741034506736725e-07,1.452729481574985097e-02,1.452729482300611254e-02,0.000000000000000000e+00,8.547270517699384618e-02,8.547270517699388781e-02,7.256296296600059454e-12
3.263499687174919076e-07,1.399603972336762280e-02,1.399603973076400838e-02,0.000000000000000000e+00,8.600396026923595727e-02,8.600396026923599890e-02,7.396421304177638974e-12
3.273195624216244615e-07,1.396036935386209266e-02,1.396036936126807820e-02,0.000000000000000000e+00,8.603963063873187878e-02,8.603963063873192041e-02,7.406020109167746165e-12
3.366924130819064954e-07,1.362470743923555917e-02,1.362470744673308955e-02,0.000000000000000000e+00,8.637529255326686917e-02,8.637529255326691080e-02,7.497567728220995089e-12
3.428703203265489841e-07,1.341215009419903861e-02,1.341215010175571438e-02,0.000000000000000000e+00,8.658784989824423739e-02,8.658784989824427902e-02,7.556713612779726072e-12
3.591598854986850372e-07,1.288218689256698767e-02,1.288218690027530255e-02,0.000000000000000000e+00,8.711781309972466136e-02,8.711781309972470300e-02,7.708351800000522032e-12
3.703616543900971661e-07,1.254143910067084290e-02,1.254143910847999553e-02,0.000000000000000000e+00,8.745856089151997359e-02,8.745856089152001522e-02,7.809188076394909915e-12
3.762233582322703787e-07,1.237021290775469455e-02,1.237021291561555408e-02,0.000000000000000000e+00,8.762978708438440290e-02,8.762978708438444453e-02,7.860896425718901250e-12
3.807416301704071903e-07,1.224137851309998852e-02,1.224137852100022801e-02,0.000000000000000000e+00,8.775862147899973764e-02,8.775862147899977928e-02,7.900274969378715892e-12
3.940975064156633873e-07,1.187578165270615667e-02,1.187578166072044382e-02,0.000000000000000000e+00,8.812421833927952530e-02,8.812421833927956694e-02,8.014321945324045376e-12
4.040308956982878368e-07,1.161774512610230098e-02,1.161774513419921995e-02,0.000000000000000000e+00,8.838225486580074397e-02,8.838225486580078560e-02,8.096954817905900859e-12
4.128208447577519203e-07,1.139857196042865645e-02,1.139857196859721429e-02,0.000000000000000000e+00,8.860142803140275136e-02,8.860142803140279300e-02,8.168593181570280103e-12
4.324337177783536087e-07,1.093811910801996412e-02,1.093811911634361318e-02,0.000000000000000000e+00,8.906188088365635247e-02,8.906188088365639410e-02,8.323686107632990268e-12
4.351332916233225259e-07,1.087764340253802829e-02,1.087764341088253220e-02,0.000000000000000000e+00,8.912235658911742131e-02,8.912235658911746294e-02,8.344540996166751011e-12
4.377001370064784546e-07,1.082075861519112524e-02,1.082075862355535469e-02,0.000000000000000000e+00,8.917924137644460403e-02,8.917924137644464566e-02,8.364263810105684848e-12
4.529783867414494354e-07,1.049410700580180600e-02,1.049410701428133384e-02,0.000000000000000000e+00,8.950589298571862140e-02,8.950589298571866304e-02,8.479564688976286919e-12
4.713693783146691253e-07,1.012610858041335798e-02,1.012610858902715169e-02,0.000000000000000000e+00,8.987389141097280876e-02,8.987389141097285039e-02,8.613829322447525280e-12
4.744991207185586472e-07,1.006604215512306270e-02,1.006604216375923434e-02,0.000000000000000000e+00,8.993395783624072437e-02,8.993395783624076600e-02,8.636208103621665441e-12
4.895249530762378615e-07,9.787322836551837560e-03,9.787322845293633042e-03,0.000000000000000000e+00,9.021267715470632220e-02,9.021267715470636384e-02,8.741831308366462633e-12
4.970422919784820398e-07,9.653587245849120507e-03,9.653587254642666260e-03,0.000000000000000000e+00,9.034641274535729072e-02,9.034641274535733235e-02,8.793582093219989248e-12
5.050386196228597960e-07,9.515276586590919530e-03,9.515276595438744781e-03,0.000000000000000000e+00,9.048472340456120699e-02,9.048472340456124863e-02,8.847860608155205736e-12
5.206564759089551084e-07,9.256269845317998887e-03,9.256269854269628256e-03,0.000000000000000000e+00,9.074373014573032525e-02,9.074373014573036689e-02,8.951665214340179622e-12
5.387078609310504138e-07,8.973955651194099117e-03,8.973955660262242923e-03,0.000000000000000000e+00,9.102604433973771059e-02,9.102604433973775222e-02,9.068178616068409347e-12
5.439166145291531441e-07,8.895657565773628858e-03,8.895657574874732409e-03,0.000000000000000000e+00,9.110434242512523151e-02,9.110434242512527314e-02,9.101139554465101433e-12
5.453925556855192151e-07,8.873718389639408469e-03,8.873718398749801464e-03,0.000000000000000000e+00,9.112628160125016419e-02,9.112628160125020582e-02,9.110427079365434286e-12
5.713038319131489120e-07,8.505472747086918403e-03,8.505472756356729017e-03,0.000000000000000000e+00,9.149452724364322276e-02,9.149452724364326439e-02,9.269846623011239903e-12
5.723771022392410316e-07,8.490879036400722502e-03,8.490879045676993225e-03,0.000000000000000000e+00,9.150912095432296722e-02,9.150912095432300886e-02,9.276306260906501926e-12
5.983082759820684267e-07,8.152890543041524385e-03,8.152890552470586083e-03,0.000000000000000000e+00,9.184710944752937090e-02,9.184710944752941253e-02,9.429098251296928404e-12
5.984461374768879449e-07,8.151165365874377816e-03,8.151165375304235752e-03,0.000000000000000000e+00,9.184883462469572990e-02,9.184883462469577153e-02,9.429894219486453007e-12
6.060463435474317552e-07,8.057173880001327823e-03,8.057173889474808851e-03,0.000000000000000000e+00,9.194282611052514986e-02,9.194282611052519150e-02,9.473516818304329170e-12
6.268779578489704951e-07,7.810338609531077524e-03,7.810338619121592538e-03,0.000000000000000000e+00,9.218966138087836271e-02,9.218966138087840434e-02,9.590550707003761434e-12
6.397155848556223730e-07,7.665625535061267558e-03,7.665625544722130813e-03,0.000000000000000000e+00,9.233437445527784004e-02,9.233437445527788168e-02,9.660900118584670536e-12
6.526999374349838153e-07,7.524603899871773818e-03,7.524603909602477908e-03,0.000000000000000000e+00,9.247539609039748254e-02,9.247539609039752417e-02,9.730741108755909968e-12
6.566605571116621968e-07,7.482613028943372810e-03,7.482613038695126034e-03,0.000000000000000000e+00,9.251738696130483441e-02,9.251738696130487605e-02,9.751789400844894766e-12
6.733848261638129908e-07,7.310354873018606002e-03,7.310354882857961027e-03,0.000000000000000000e+00,9.268964511714200549e-02,9.268964511714204713e-02,9.839391686058857408e-12
6.878581099673717545e-07,7.167565987899014203e-03,7.167565997812567688e-03,0.000000000000000000e+00,9.283243400218739450e-02,9.283243400218743613e-02,9.913589537592176621e-12
7.070540674720037144e-07,6.986575919855513017e-03,6.986575929865269929e-03,0.000000000000000000e+00,9.301342407013468705e-02,9.301342407013472868e-02,1.000979290975328131e-11
7.070915988878990979e-07,6.986230963434556483e-03,6.986230973444498143e-03,0.000000000000000000e+00,9.301376902655546230e-02,9.301376902655550394e-02,1.000997862012289074e-11
7.205378400204841866e-07,6.864796897512796120e-03,6.864796907588689365e-03,0.000000000000000000e+00,9.313520309241127282e-02,9.313520309241131445e-02,1.007592940017318924e-11
7.407233087801943322e-07,6.690236198118577546e-03,6.690236208291352495e-03,0.000000000000000000e+00,9.330976379170860535e-02,9.330976379170864698e-02,1.017281135609438213e-11
7.547701646288820874e-07,6.573917027884104182e-03,6.573917038122853267e-03,0.000000000000000000e+00,9.342608296187709938e-02,9.342608296187714101e-02,1.023878644347009630e-11
7.614832603408143806e-07,6.519745982400586629e-03,6.519745992670461857e-03,0.000000000000000000e+00,9.348025400732951073e-02,9.348025400732955237e-02,1.026991207546648523e-11
7.743925500883849500e-07,6.418038031470700219e-03,6.418038041799716507e-03,0.000000000000000000e+00,9.358196195820024654e-02,9.358196195820028818e-02,1.032905342031483634e-11
7.906288466372763840e-07,6.294524938387481561e-03,6.294524948789586953e-03,0.000000000000000000e+00,9.370547505121037957e-02,9.370547505121042120e-02,1.040214205942425442e-11
8.080617913965756736e-07,6.167100400071002381e-03,6.167100410550031483e-03,0.000000000000000000e+00,9.383289958944993070e-02,9.383289958944997233e-02,1.047906689110538658e-11
8.158749217937297691e-07,6.111653510735930855e-03,6.111653521248932783e-03,0.000000000000000000e+00,9.388834647875103634e-02,9.388834647875107797e-02,1.051303867805216383e-11
8.281911533192974936e-07,6.026245857425514656e-03,6.026245867991453405e-03,0.000000000000000000e+00,9.397375413200850791e-02,9.397375413200854954e-02,1.056597481241082728e-11
8.417310327047662914e-07,5.935067203047991215e-03,5.935067213671277320e-03,0.000000000000000000e+00,9.406493278632868660e-02,9.406493278632872823e-02,1.062332305357342848e-11
8.675380228708308901e-07,5.768691027300574398e-03,5.768691038030805338e-03,0.000000000000000000e+00,9.423130896196915685e-02,9.423130896196919848e-02,1.073026760741351002e-11
8.702665832466450517e-07,5.751644336172188378e-03,5.751644346913550171e-03,0.000000000000000000e+00,9.424835565308641028e-02,9.424835565308645191e-02,1.074139898956511787e-11
8.754002740129569092e-07,5.719843716910142858e-03,5.719843727672359497e-03,0.000000000000000000e+00,9.428015627232760876e-02,9.428015627232765039e-02,1.076225332615724467e-11
9.087542388133519549e-07,5.521512024979197651e-03,5.521512035874158800e-03,0.000000000000000000e+00,9.447848796412580685e-02,9.447848796412584849e-02,1.089499832034289375e-11
9.090695153211475270e-07,5.519702854434566965e-03,5.519702865330760634e-03,0.000000000000000000e+00,9.448029713466921109e-02,9.448029713466925272e-02,1.089623100964721652e-11
9.246582446995603344e-07,5.431697214547633219e-03,5.431697225504279400e-03,0.000000000000000000e+00,9.456830277449568278e-02,9.456830277449572442e-02,1.095668368738825693e-11
9.427387566293382506e-07,5.333071393965050679e-03,5.333071404990617423e-03,0.000000000000000000e+00,9.466692859500934476e-02,9.466692859500938639e-02,1.102560436088297811e-11
9.519286126830599375e-07,5.284305111496840832e-03,5.284305122556960665e-03,0.000000000000000000e+00,9.471569487744301019e-02,9.471569487744305182e-02,1.106015633159047015e-11
9.764079979375288684e-07,5.158661901125847701e-03,5.158661912276483671e-03,0.000000000000000000e+00,9.484133808772347851e-02,9.484133808772352014e-02,1.115067275584610116e-11
9.790499061524757229e-07,5.145458466293476377e-03,5.145458477453752205e-03,0.000000000000000000e+00,9.485454152254621518e-02,9.485454152254625682e-02,1.116031263693967242e-11
9.971541753994635531e-07,5.056768178738102124e-03,5.056768189963780497e-03,0.000000000000000000e+00,9.494323181003619383e-02,9.494323181003623546e-02,1.122571522847056109e-11
1.010077239245719592e-06,4.995301052637048100e-03,4.995301063908727870e-03,0.000000000000000000e+00,9.500469893609124472e-02,9.500469893609128635e-02,1.127171570916943633e-11
1.033441567605391006e-06,4.887879223553250919e-03,4.887879234906696013e-03,0.000000000000000000e+00,9.511212076509327484e-02,9.511212076509331648e-02,1.135348148806714243e-11
1.043746480553910104e-06,4.841957181062701322e-03,4.841957192451651001e-03,0.000000000000000000e+00,9.515804280754831812e-02,9.515804280754835975e-02,1.138898682954738473e-11
1.044528377725774926e-06,4.838508066759988208e-03,4.838508078151618902e-03,0.000000000000000000e+00,9.516149192184834849e-02,9.516149192184839012e-02,1.139166719255450537e-11
1.077415721862100828e-06,4.697760277658576296e-03,4.697760289161249242e-03,0.000000000000000000e+00,9.530223971083873202e-02,9.530223971083877366e-02,1.150270939000881418e-11
1.087833229058306288e-06,4.654868427281191705e-03,4.654868438818366566e-03,0.000000000000000000e+00,9.534513156118161470e-02,9.534513156118165633e-02,1.153721072678086602e-11
1.094153300253057492e-06,4.629224876566750968e-03,4.629224888124703480e-03,0.000000000000000000e+00,9.537077511187527779e-02,9.537077511187531942e-02,1.155798906263983267e-11
1.111084963170291551e-06,4.561895218712665873e-03,4.561895230325725345e-03,0.000000000000000000e+00,9.543810476967425072e-02,9.543810476967429235e-02,1.161309611684530985e-11
1.142224890511221571e-06,4.443051054865642356e-03,4.443051066577990461e-03,0.000000000000000000e+00,9.555694893342198126e-02,9.555694893342202290e-02,1.171238437611295528e-11
1.144754204478482063e-06,4.433669772239476684e-03,4.433669783959775026e-03,0.000000000000000000e+00,9.556633021604020450e-02,9.556633021604024614e-02,1.172033497519070193e-11
1.146135873360593284e-06,4.428561851173837272e-03,4.428561862898471556e-03,0.000000000000000000e+00,9.557143813710150537e-02,9.557143813710154701e-02,1.172467099906468262e-11
1.178423445786672787e-06,4.312464565691146931e-03,4.312464577515709094e-03,0.000000000000000000e+00,9.568753542248427391e-02,9.568753542248431554e-02,1.182459904288471978e-11
1.196616551964136853e-06,4.249681240259416473e-03,4.249681252139139373e-03,0.000000000000000000e+00,9.575031874786084363e-02,9.575031874786088526e-02,1.187975965284460674e-11
1.200588107626449628e-06,4.236217473619927586e-03,4.236217485511585383e-03,0.000000000000000000e+00,9.576378251448838808e-02,9.576378251448842971e-02,1.189169449873984967e-11
1.212092687094863510e-06,4.197693673977288646e-03,4.197693685903306111e-03,0.000000000000000000e+00,9.580230631409666908e-02,9.580230631409671072e-02,1.192605442744479429e-11
1.245761928403054022e-06,4.088879528969343279e-03,4.088879540994149776e-03,0.000000000000000000e+00,9.591112045900582195e-02,9.591112045900587746e-02,1.202484343613005547e-11
1.251008213417052348e-06,4.072431384798009917e-03,4.072431396837977897e-03,0.000000000000000000e+00,9.592756860316199730e-02,9.592756860316203893e-02,1.204000532980743179e-11
1.257627335184689168e-06,4.051867126250794336e-03,4.051867138309805244e-03,0.000000000000000000e+00,9.594813286169016908e-02,9.594813286169021072e-02,1.205904793664209094e-11
1.279431169711244746e-06,3.985572875462206795e-03,3.985572887583271363e-03,0.000000000000000000e+00,9.601442711241670036e-02,9.601442711241674199e-02,1.212110212717325685e-11
1.305399874869967631e-06,3.909386192158735042e-03,3.909386204352396921e-03,0.000000000000000000e+00,9.609061379564758087e-02,9.609061379564762251e-02,1.219369962473179579e-11
1.313100411019435470e-06,3.887349536072701867e-03,3.887349548287625384e-03,0.000000000000000000e+00,9.611265045171235588e-02,9.611265045171239751e-02,1.221496084128346148e-11
1.317376462549343256e-06,3.875219649831515047e-03,3.875219662058193050e-03,0.000000000000000000e+00,9.612478033794177867e-02,9.612478033794182031e-02,1.222671535487558668e-11
1.346769652327625982e-06,3.793848209335228677e-03,3.793848221641726078e-03,0.000000000000000000e+00,9.620615177835825649e-02,9.620615177835829812e-02,1.230653500737791684e-11
1.359791536322882913e-06,3.758883255568086848e-03,3.758883267909411425e-03,0.000000000000000000e+00,9.624111673209057027e-02,9.624111673209061191e-02,1.234136213178504091e-11
1.379964235449889361e-06,3.705973577354122837e-03,3.705973589748770211e-03,0.000000000000000000e+00,9.629402641025121279e-02,9.629402641025125442e-02,1.239468509819227469e-11
1.380438893635816705e-06,3.704746542957563539e-03,3.704746555353456445e-03,0.000000000000000000e+00,9.629525344464652525e-02,9.629525344464656689e-02,1.239593071929075386e-11
1.414108134944007429e-06,3.619734152555403525e-03,3.619734165038617640e-03,0.000000000000000000e+00,9.638026583496135669e-02,9.638026583496139832e-02,1.248325105833617712e-11
1.414183197775798196e-06,3.619548968572707491e-03,3.619548981056113293e-03,0.000000000000000000e+00,9.638045101894386624e-02,9.638045101894390787e-02,1.248344348849366158e-11
1.445525516248906548e-06,3.543845839696225207e-03,3.543845852259132085e-03,0.000000000000000000e+00,9.645615414774084961e-02,9.645615414774089125e-02,1.256294434065404963e-11
1.447777376252197941e-06,3.538528620737843491e-03,3.538528633306398195e-03,0.000000000000000000e+00,9.646147136669357136e-02,9.646147136669361299e-02,1.256859204847227479e-11
1.468574859228713478e-06,3.490165749341067429e-03,3.490165761961385414e-03,0.000000000000000000e+00,9.650983423803859151e-02,9.650983423803863315e-02,1.262035517719701412e-11
1.481446617560388664e-06,3.460891348465132411e-03,3.460891361117133386e-03,0.000000000000000000e+00,9.653910863888284788e-02,9.653910863888288951e-02,1.265203832119527546e-11
1.514201574539679669e-06,3.388568440028641784e-03,3.388568452760082686e-03,0.000000000000000000e+00,9.661143154723988991e-02,9.661143154723993154e-02,1.273147848754605244e-11
1.515115858868579388e-06,3.386593043385004598e-03,3.386593056118639058e-03,0.000000000000000000e+00,9.661340694388133310e-02,9.661340694388137473e-02,1.273367199845976319e-11
1.522966520681628761e-06,3.369724581188201021e-03,3.369724593940618199e-03,0.000000000000000000e+00,9.663027540605935439e-02,9.663027540605939603e-02,1.275245469709479925e-11
1.548785100176769900e-06,3.315409709673746482e-03,3.315409722487282738e-03,0.000000000000000000e+00,9.668459027751269419e-02,9.668459027751273582e-02,1.281357390166830266e-11
1.577358182134544256e-06,3.257304089419339049e-03,3.257304102299377665e-03,0.000000000000000000e+00,9.674269589770059796e-02,9.674269589770063960e-02,1.288007610993013236e-11
1.582454341484960624e-06,3.247154383342966237e-03,3.247154396234742859e-03,0.000000000000000000e+00,9.675284560376522236e-02,9.675284560376526399e-02,1.289181443670847490e-11
1.586140391549923041e-06,3.239852539984541119e-03,3.239852552884785360e-03,0.000000000000000000e+00,9.676014744711518289e-02,9.676014744711522453e-02,1.290028196065501036e-11
1.616123582793151347e-06,3.181658646399658161e-03,3.181658659368079203e-03,0.000000000000000000e+00,9.681834134063188602e-02,9.681834134063192765e-02,1.296845879759459793e-11
1.631749843587459538e-06,3.152151947578031403e-03,3.152151960581499931e-03,0.000000000000000000e+00,9.684784803941846876e-02,9.684784803941851039e-02,1.300350616379774904e-11
1.649792824101341859e-06,3.118755732784368306e-03,3.118755745827902007e-03,0.000000000000000000e+00,9.688124425417206365e-02,9.688124425417210528e-02,1.304357167996658837e-11
1.661496979007543088e-06,3.097468422943883398e-03,3.097468436013180778e-03,0.000000000000000000e+00,9.690253156398678791e-02,9.690253156398682954e-02,1.306933498900302682e-11
1.683462065409532583e-06,3.058289067217683302e-03,3.058289080334860351e-03,0.000000000000000000e+00,9.694171091966510834e-02,9.694171091966514997e-02,1.311721483514939581e-11
1.686141505040374821e-06,3.053577244385717419e-03,3.053577257508693649e-03,0.000000000000000000e+00,9.694642274249126723e-02,9.694642274249130887e-02,1.312301409186829172e-11
1.717131306717723095e-06,3.000117740390868034e-03,3.000117753580275499e-03,0.000000000000000000e+00,9.699988224641968582e-02,9.699988224641972745e-02,1.318944523491583464e-11
1.740433713155525940e-06,2.961138238116721531e-03,2.961138251355318815e-03,0.000000000000000000e+00,9.703886174864465031e-02,9.703886174864469194e-02,1.323863513295056504e-11
1.740533166493290103e-06,2.960974051257649932e-03,2.960974064496455817e-03,0.000000000000000000e+00,9.703902593550350897e-02,9.703902593550355060e-02,1.323884369848186577e-11
1.750800548025913818e-06,2.944121304217541413e-03,2.944121317477817537e-03,0.000000000000000000e+00,9.705587868252214812e-02,9.705587868252218975e-02,1.326031357307241120e-11
1.784469789334104542e-06,2.890179310611324087e-03,2.890179323941156984e-03,0.000000000000000000e+00,9.710982067605880563e-02,9.710982067605884727e-02,1.332987054342562377e-11
1.794924827946205386e-06,2.873829806376260523e-03,2.873829819727433121e-03,0.000000000000000000e+00,9.712617018027253080e-02,9.712617018027257243e-02,1.335121013326209573e-11
1.818139030642295054e-06,2.838178664479374964e-03,2.838178677877501756e-03,0.000000000000000000e+00,9.716182132212246303e-02,9.716182132212250466e-02,1.339816450841852941e-11
1.823120684635671150e-06,2.830642621909042894e-03,2.830642635317169933e-03,0.000000000000000000e+00,9.716935736468279572e-02,9.716935736468283735e-02,1.340816490164475584e-11
1.849316489399120669e-06,2.791663394533591778e-03,2.791663407993872845e-03,0.000000000000000000e+00,9.720833659200608934e-02,9.720833659200613097e-02,1.346031866439535086e-11
1.851808271950485778e-06,2.788011484141109542e-03,2.788011497606314188e-03,0.000000000000000000e+00,9.721198850239365363e-02,9.721198850239369527e-02,1.346524214175788000e-11
1.885477513258676501e-06,2.739588400134740712e-03,2.739588413665847069e-03,0.000000000000000000e+00,9.726041158633412509e-02,9.726041158633416672e-02,1.353114395447659838e-11
1.903708150852035951e-06,2.714065703149533704e-03,2.714065716715846708e-03,0.000000000000000000e+00,9.728593428328412285e-02,9.728593428328416448e-02,1.356635084082487703e-11
1.909736064995096493e-06,2.705731075630112264e-03,2.705731089207994572e-03,0.000000000000000000e+00,9.729426891079197282e-02,9.729426891079201445e-02,1.357791975540640990e-11
1.919146754566867013e-06,2.692821007350114197e-03,2.692821020945986455e-03,0.000000000000000000e+00,9.730717897905398484e-02,9.730717897905402647e-02,1.359591014161595061e-11
1.952815995875057737e-06,2.647626521647814500e-03,2.647626535307355880e-03,0.000000000000000000e+00,9.735237346469260977e-02,9.735237346469265141e-02,1.365957895197693788e-11
1.958099812304951446e-06,2.640670902237150786e-03,2.640670915906587028e-03,0.000000000000000000e+00,9.735932908409337949e-02,9.735932908409342112e-02,1.366947375243501420e-11
1.986485237183248460e-06,2.603918252243178806e-03,2.603918265965331560e-03,0.000000000000000000e+00,9.739608173403463409e-02,9.739608173403467573e-02,1.372219010028894753e-11
2.000466490605246484e-06,2.586188418585530936e-03,2.586188432333379715e-03,0.000000000000000000e+00,9.741381156766659721e-02,9.741381156766663885e-02,1.374788674758334907e-11
2.012491473757866728e-06,2.571131418450872848e-03,2.571131432220683660e-03,0.000000000000000000e+00,9.742886856777928373e-02,9.742886856777932536e-02,1.376984830328903103e-11
2.020154478491439184e-06,2.561627489250538868e-03,2.561627503034277775e-03,0.000000000000000000e+00,9.743837249696570002e-02,9.743837249696574165e-02,1.378377680926922341e-11
2.053823719799629908e-06,2.520690845356627491e-03,2.520690859200959855e-03,0.000000000000000000e+00,9.747930914079901143e-02,9.747930914079905307e-02,1.384437040902212855e-11
2.066883135210782011e-06,2.505163489619903136e-03,2.505163503487478193e-03,0.000000000000000000e+00,9.749483649651249917e-02,9.749483649651254080e-02,1.386761248369799835e-11
2.087492961107820208e-06,2.481044933248177913e-03,2.481044947152142698e-03,0.000000000000000000e+00,9.751895505284782772e-02,9.751895505284786936e-02,1.390400222965201954e-11
2.095507464820666573e-06,2.471790984598892620e-03,2.471790998516913435e-03,0.000000000000000000e+00,9.752820900148305439e-02,9.752820900148309602e-02,1.391805849819199897e-11
2.121162202416010932e-06,2.442627712507335850e-03,2.442627726470001075e-03,0.000000000000000000e+00,9.755737227352996588e-02,9.755737227353000751e-02,1.396270307983918109e-11
2.121274796663697294e-06,2.442501246932877058e-03,2.442501260895737006e-03,0.000000000000000000e+00,9.755749873910422865e-02,9.755749873910427028e-02,1.396289784999968353e-11
2.154831443724201655e-06,2.405381093483430037e-03,2.405381107503894080e-03,0.000000000000000000e+00,9.759461889249607114e-02,9.759461889249611277e-02,1.402050231536644013e-11
2.175666458116612576e-06,2.382893678705051872e-03,2.382893692760844426e-03,0.000000000000000000e+00,9.761710630723911819e-02,9.761710630723915982e-02,1.405583040150787243e-11
2.188500685032392379e-06,2.369249450655532777e-03,2.369249464732923506e-03,0.000000000000000000e+00,9.763075053526704128e-02,9.763075053526708291e-02,1.407742832890868120e-11
2.195063779244101303e-06,2.362332373037006206e-03,2.362332387125393347e-03,0.000000000000000000e+00,9.763766761287456797e-02,9.763766761287460960e-02,1.408842520129449448e-11
2.222169926340583102e-06,2.334187666136639926e-03,2.334187680270107326e-03,0.000000000000000000e+00,9.766581231972985833e-02,9.766581231972989996e-02,1.413350539796098827e-11
2.230058119569527859e-06,2.326123050434560861e-03,2.326123064581046059e-03,0.000000000000000000e+00,9.767387693541891569e-02,9.767387693541895732e-02,1.414652327363597236e-11
2.255839167648773403e-06,2.300150622039746039e-03,2.300150636228466116e-03,0.000000000000000000e+00,9.769984936377150431e-02,9.769984936377154594e-02,1.418875780001844370e-11
2.284449781022443142e-06,2.271999146694385179e-03,2.271999160929426276e-03,0.000000000000000000e+00,9.772800083907054458e-02,9.772800083907058621e-02,1.423507881945059965e-11
2.289508408956964126e-06,2.267093200477845669e-03,2.267093214721017415e-03,0.000000000000000000e+00,9.773290678527894737e-02,9.773290678527898900e-02,1.424320981257612823e-11
2.299349955005647382e-06,2.257609000181587649e-03,2.257609014440528031e-03,0.000000000000000000e+00,9.774239098555943805e-02,9.774239098555947969e-02,1.425897851305359289e-11
2.323177650265154850e-06,2.234973193953695893e-03,2.234973208250542586e-03,0.000000000000000000e+00,9.776502679174942090e-02,9.776502679174946253e-02,1.429688450186365543e-11
2.338841442475358424e-06,2.220337377435732586e-03,2.220337391757291716e-03,0.000000000000000000e+00,9.777966260824266786e-02,9.777966260824270950e-02,1.432159707142884704e-11
2.356846891573345574e-06,2.203747876379243305e-03,2.203747890729010773e-03,0.000000000000000000e+00,9.779625210927095358e-02,9.779625210927099521e-02,1.434980521059546782e-11
2.390516132881536297e-06,2.173381962180589815e-03,2.173381976582544270e-03,0.000000000000000000e+00,9.782661802341742485e-02,9.782661802341746649e-02,1.440199210613412556e-11
2.393233103928273707e-06,2.170968034296544887e-03,2.170968048702679159e-03,0.000000000000000000e+00,9.782903195129728779e-02,9.782903195129732943e-02,1.440617195902025323e-11
2.408590705006814128e-06,2.157423735932753866e-03,2.157423750362427468e-03,0.000000000000000000e+00,9.784257624963753341e-02,9.784257624963757505e-02,1.442971144435065080e-11
2.424185374189727021e-06,2.143842542044078862e-03,2.143842556497505165e-03,0.000000000000000000e+00,9.785615744350245615e-02,9.785615744350249778e-02,1.445346434877680079e-11
2.447624765381189413e-06,2.123748698920474402e-03,2.123748713409322458e-03,0.000000000000000000e+00,9.787625128659063756e-02,9.787625128659067919e-02,1.448888582023094237e-11
2.457854615497917321e-06,2.115096706656052154e-03,2.115096721160255547e-03,0.000000000000000000e+00,9.788490327883971054e-02,9.788490327883975217e-02,1.450424109882066565e-11
2.491523856806108045e-06,2.087112085572749749e-03,2.087112100127053258e-03,0.000000000000000000e+00,9.791288789987290242e-02,9.791288789987294405e-02,1.455434127099432001e-11
2.502016426834104696e-06,2.078542936247263807e-03,2.078542950817044953e-03,0.000000000000000000e+00,9.792145704918291116e-02,9.792145704918295279e-02,1.456981838713139581e-11
2.523021418125530076e-06,2.061596267747844036e-03,2.061596282348419126e-03,0.000000000000000000e+00,9.793840371765154262e-02,9.793840371765158426e-02,1.460061272608034057e-11
2.525193098114298768e-06,2.059859810112073600e-03,2.059859824715818463e-03,0.000000000000000000e+00,9.794014017528414329e-02,9.794014017528418492e-02,1.460378223329470371e-11
2.556408088287019978e-06,2.035218506853955604e-03,2.035218521502965908e-03,0.000000000000000000e+00,9.796478147849699281e-02,9.796478147849703444e-02,1.464904764164689463e-11
2.558862339422489492e-06,2.033306011265655425e-03,2.033306025918201528e-03,0.000000000000000000e+00,9.796669397408175328e-02,9.796669397408179492e-02,1.465258363401670188e-11
2.592531580730680216e-06,2.007427119120083585e-03,2.007427133820806429e-03,0.000000000000000000e+00,9.799257286617915619e-02,9.799257286617919782e-02,1.470076039028349172e-11
2.610799749739935261e-06,1.993659895257991494e-03,1.993659909984597713e-03,0.000000000000000000e+00,9.800634009001536751e-02,9.800634009001540914e-02,1.472664389602165402e-11
2.626200822038870939e-06,1.982199563761948610e-03,1.982199578510238439e-03,0.000000000000000000e+00,9.801780042148972028e-02,9.801780042148976191e-02,1.474832741921826334e-11
2.642888666425436170e-06,1.969929912630586158e-03,1.969929927402230569e-03,0.000000000000000000e+00,9.803007007259773031e-02,9.803007007259777195e-02,1.477168217596042491e-11
2.659870063347061239e-06,1.957599775277839294e-03,1.957599790073101097e-03,0.000000000000000000e+00,9.804240020992685545e-02,9.804240020992689708e-02,1.479529963794419717e-11
2.665191411192850544e-06,1.953767731532236179e-03,1.953767746334868823e-03,0.000000000000000000e+00,9.804623225366508599e-02,9.804623225366512762e-02,1.480267004032310644e-11
2.678825359729952943e-06,1.944017788430161143e-03,1.944017803251611633e-03,0.000000000000000000e+00,9.805598219674835359e-02,9.805598219674839522e-02,1.482148822728818420e-11
2.692459308267055765e-06,1.934364742432082875e-03,1.934364757272257970e-03,0.000000000000000000e+00,9.806563524272769727e-02,9.806563524272773891e-02,1.484021270358269107e-11
2.693539304655251963e-06,1.933604183754345082e-03,1.933604198595999246e-03,0.000000000000000000e+00,9.806639580140395773e-02,9.806639580140399937e-02,1.484169196358447686e-11
2.706093256804158164e-06,1.924807028506990989e-03,1.924807043365797882e-03,0.000000000000000000e+00,9.807519295663416625e-02,9.807519295663420789e-02,1.485884445969649010e-11
2.719727205341260563e-06,1.915343081623874667e-03,1.915343096501221417e-03,0.000000000000000000e+00,9.808465690349874033e-02,9.808465690349878197e-02,1.487738448611945084e-11
2.727208545963442687e-06,1.910189759500194578e-03,1.910189774387676016e-03,0.000000000000000000e+00,9.808981022561227836e-02,9.808981022561231999e-02,1.488751904616303288e-11
2.733361153878363385e-06,1.905972613274481463e-03,1.905972628170276781e-03,0.000000000000000000e+00,9.809402737182967846e-02,9.809402737182972010e-02,1.489583314460416692e-11
2.746995102415465784e-06,1.896693060447087950e-03,1.896693075361242063e-03,0.000000000000000000e+00,9.810330692463871405e-02,9.810330692463875568e-02,1.491419192986118434e-11
2.760629050952568183e-06,1.887502838346941233e-03,1.887502853279365454e-03,0.000000000000000000e+00,9.811249714672058697e-02,9.811249714672062860e-02,1.493246184318619808e-11
2.760877787271633410e-06,1.887335995647202239e-03,1.887336010579958876e-03,0.000000000000000000e+00,9.811266398942000699e-02,9.811266398942003475e-02,1.493279433689527433e-11
2.768450736462395565e-06,1.882270373690058188e-03,1.882270388632923709e-03,0.000000000000000000e+00,9.811772961136704108e-02,9.811772961136708271e-02,1.494290332486132807e-11
2.774262999489670582e-06,1.878400827758716510e-03,1.878400842709322368e-03,0.000000000000000000e+00,9.812159915729064263e-02,9.812159915729068427e-02,1.495064365474044838e-11
2.787896948026773404e-06,1.869385909467087895e-03,1.869385924435788219e-03,0.000000000000000000e+00,9.813061407556417093e-02,9.813061407556421256e-02,1.496873813468517872e-11
2.794547028579824134e-06,1.865020065585983261e-03,1.865020080563477983e-03,0.000000000000000000e+00,9.813497991943648247e-02,9.813497991943652410e-02,1.497753242425679042e-11
2.801530896563875803e-06,1.860456964256730801e-03,1.860456979243439290e-03,0.000000000000000000e+00,9.813954302075651726e-02,9.813954302075655889e-02,1.498674605318163580e-11
2.815164845100978202e-06,1.851612872912319994e-03,1.851612887916950561e-03,0.000000000000000000e+00,9.814838711208301314e-02,9.814838711208305477e-02,1.500466818039105662e-11
2.828216269888014858e-06,1.843225113542996171e-03,1.843225128564703356e-03,0.000000000000000000e+00,9.815677487143525948e-02,9.815677487143530111e-02,1.502174490714478806e-11
2.828798793638081024e-06,1.842852516218529803e-03,1.842852531240997448e-03,0.000000000000000000e+00,9.815714746875896235e-02,9.815714746875900398e-02,1.502250528647469436e-11
2.842432742175183423e-06,1.834174774960035644e-03,1.834174790000256015e-03,0.000000000000000000e+00,9.816582520999969641e-02,9.816582520999973804e-02,1.504025814159378280e-11
2.856066690712285822e-06,1.825578529921512063e-03,1.825578544979401677e-03,0.000000000000000000e+00,9.817442145502056072e-02,9.817442145502060236e-02,1.505792751590956863e-11
2.861885511196205158e-06,1.821934283744699491e-03,1.821934298810105228e-03,0.000000000000000000e+00,9.817806570118985110e-02,9.817806570118989273e-02,1.506544338445647417e-11
2.869700639249388645e-06,1.817062661887633174e-03,1.817062676963109849e-03,0.000000000000000000e+00,9.818293732303684518e-02,9.818293732303688681e-02,1.507551417958329856e-11
2.883334587786491044e-06,1.808626051643075043e-03,1.808626066736056161e-03,0.000000000000000000e+00,9.819137393326390906e-02,9.819137393326395069e-02,1.509301890277621283e-11
2.895554752504395882e-06,1.801130720417551097e-03,1.801130735526152967e-03,0.000000000000000000e+00,9.819886926447381204e-02,9.819886926447385367e-02,1.510863945508905243e-11
2.896968536323593442e-06,1.800267579972511349e-03,1.800267595082916247e-03,0.000000000000000000e+00,9.819973240491704225e-02,9.819973240491708388e-02,1.511044245564955491e-11
2.899978185833055777e-06,1.798432891311299705e-03,1.798432906425539860e-03,0.000000000000000000e+00,9.820156709357441560e-02,9.820156709357445723e-02,1.511427778800653789e-11
2.910602484860696265e-06,1.791986127660617507e-03,1.791986142788365302e-03,0.000000000000000000e+00,9.820801385721159016e-02,9.820801385721163179e-02,1.512778560836456505e-11
2.924236433397798664e-06,1.783780575492068064e-03,1.783780590637079611e-03,0.000000000000000000e+00,9.821621940936288431e-02,9.821621940936292594e-02,1.514504913108249318e-11
2.929223993812586605e-06,1.780797567788009947e-03,1.780797582939317022e-03,0.000000000000000000e+00,9.821920241706064147e-02,9.821920241706068311e-02,1.515134471793973301e-11
2.937870381934901063e-06,1.775649804251538001e-03,1.775649819413734152e-03,0.000000000000000000e+00,9.822435018058622846e-02,9.822435018058627010e-02,1.516223379396457953e-11
2.951504330472003461e-06,1.767592694723701865e-03,1.767592709903004558e-03,0.000000000000000000e+00,9.823240729009695416e-02,9.823240729009699579e-02,1.517934036717206436e-11
2.962893235120777329e-06,1.760918458824123215e-03,1.760918474017656062e-03,0.000000000000000000e+00,9.823908152598230525e-02,9.823908152598234689e-02,1.519357051193945806e-11
2.965138279009106284e-06,1.759608799992246455e-03,1.759608815188578061e-03,0.000000000000000000e+00,9.824039118481138477e-02,9.824039118481142641e-02,1.519636926382008391e-11
2.978772227546208683e-06,1.751696709120760878e-03,1.751696724334044636e-03,0.000000000000000000e+00,9.824830327566591581e-02,9.824830327566595745e-02,1.521332141799557559e-11
2.992406176083311082e-06,1.743855030968647669e-03,1.743855046198807901e-03,0.000000000000000000e+00,9.825614495380115276e-02,9.825614495380119440e-02,1.523019774552041125e-11
2.996562476428968052e-06,1.741478379436903635e-03,1.741478394672193661e-03,0.000000000000000000e+00,9.825852160532777546e-02,9.825852160532781709e-02,1.523532749504448499e-11
3.006040124620413904e-06,1.736082944100389132e-03,1.736082959347350378e-03,0.000000000000000000e+00,9.826391704065261246e-02,9.826391704065265409e-02,1.524699885703565266e-11
3.019674073157516303e-06,1.728379627080467787e-03,1.728379642344155453e-03,0.000000000000000000e+00,9.827162035765581172e-02,9.827162035765585335e-02,1.526372536318236804e-11
3.030231717737158776e-06,1.722461175666863869e-03,1.722461190943453324e-03,0.000000000000000000e+00,9.827753880905651385e-02,9.827753880905655548e-02,1.527662690822295636e-11
3.033308021694618702e-06,1.720744258473365937e-03,1.720744273753706298e-03,0.000000000000000000e+00,9.827925572624625350e-02,9.827925572624629513e-02,1.528037787460162241e-11
3.037754426164705572e-06,1.718268711059807831e-03,1.718268726345563132e-03,0.000000000000000000e+00,9.828173127365440187e-02,9.828173127365444350e-02,1.528579281672377368e-11
3.046941970231721101e-06,1.713176016843565887e-03,1.713176032140485434e-03,0.000000000000000000e+00,9.828682396785948239e-02,9.828682396785952402e-02,1.529695700193448077e-11
3.060575918768823923e-06,1.705674080755549939e-03,1.705674096068975597e-03,0.000000000000000000e+00,9.829432590393098745e-02,9.829432590393102909e-02,1.531346335582200813e-11
3.063900959045349076e-06,1.703854476408325856e-03,1.703854491725766314e-03,0.000000000000000000e+00,9.829614550827420194e-02,9.829614550827424357e-02,1.531747794794250607e-11
3.074209867305926322e-06,1.698237628773800398e-03,1.698237644103660392e-03,0.000000000000000000e+00,9.830176235589629941e-02,9.830176235589634104e-02,1.532989754690527271e-11
3.087843815843028721e-06,1.690865839462799784e-03,1.690865854809022340e-03,0.000000000000000000e+00,9.830913414519094895e-02,9.830913414519099058e-02,1.534626018582533952e-11
3.097570200353539800e-06,1.685645910555610884e-03,1.685645925913463244e-03,0.000000000000000000e+00,9.831435407408650740e-02,9.831435407408654903e-02,1.535788981067078095e-11
3.101477764380131543e-06,1.683557891387029966e-03,1.683557906749544395e-03,0.000000000000000000e+00,9.831644209325042516e-02,9.831644209325046679e-02,1.536255188322327356e-11
3.115111712917233942e-06,1.676312963110973900e-03,1.676312978489709511e-03,0.000000000000000000e+00,9.832368702151025874e-02,9.832368702151030038e-02,1.537877324974013985e-11
3.128745661454336341e-06,1.669130233199113671e-03,1.669130248594001076e-03,0.000000000000000000e+00,9.833086975140596653e-02,9.833086975140600816e-02,1.539492489601700660e-11
3.131239441661730524e-06,1.667823107003041112e-03,1.667823122400875161e-03,0.000000000000000000e+00,9.833217687759908399e-02,9.833217687759912562e-02,1.539787169287541490e-11
3.142379609991439163e-06,1.662008880215931367e-03,1.662008895626901177e-03,0.000000000000000000e+00,9.833799110437306534e-02,9.833799110437310698e-02,1.541100743269493884e-11
3.156013558528541562e-06,1.654948082725909726e-03,1.654948098152893635e-03,0.000000000000000000e+00,9.834505190184707202e-02,9.834505190184711365e-02,1.542702147041499832e-11
3.164908682969921247e-06,1.650373694644938260e-03,1.650373710082333328e-03,0.000000000000000000e+00,9.834962628991762712e-02,9.834962628991766875e-02,1.543743279102405152e-11
3.169647507065643961e-06,1.647947019293530832e-03,1.647947034736460753e-03,0.000000000000000000e+00,9.835205296526350338e-02,9.835205296526354501e-02,1.544296761981825976e-11
3.182076333802632336e-06,1.641616141445234036e-03,1.641616156902641959e-03,0.000000000000000000e+00,9.835838384309732174e-02,9.835838384309736337e-02,1.545744563305280888e-11
3.183281455602746784e-06,1.641004868483276992e-03,1.641004883942085704e-03,0.000000000000000000e+00,9.835899511605787626e-02,9.835899511605791790e-02,1.545884649154577845e-11
3.196915404139849183e-06,1.634121461587581840e-03,1.634121477062202557e-03,0.000000000000000000e+00,9.836587852293776635e-02,9.836587852293780798e-02,1.547465832034375758e-11
3.198577924278111971e-06,1.633286142842746164e-03,1.633286158319290473e-03,0.000000000000000000e+00,9.836671384168067800e-02,9.836671384168071963e-02,1.547658181796916969e-11
3.210549352676951581e-06,1.627296060498051311e-03,1.627296075988417462e-03,0.000000000000000000e+00,9.837270392401155361e-02,9.837270392401159524e-02,1.549040367746350301e-11
3.224183301214054404e-06,1.620526909725695120e-03,1.620526925231741220e-03,0.000000000000000000e+00,9.837947307476822834e-02,9.837947307476826997e-02,1.550608371454322237e-11
3.232247165586302695e-06,1.616549497009444345e-03,1.616549512524733919e-03,0.000000000000000000e+00,9.838345048747523802e-02,9.838345048747527966e-02,1.551532719929627840e-11
3.237817249751156803e-06,1.613813420317349468e-03,1.613813435839010898e-03,0.000000000000000000e+00,9.838618656416095454e-02,9.838618656416099617e-02,1.552169890753387071e-11
3.251451198288259202e-06,1.607155003319850122e-03,1.607155018857062264e-03,0.000000000000000000e+00,9.839284498114291011e-02,9.839284498114295174e-02,1.553724973238641278e-11
3.265085146825362024e-06,1.600551069780032634e-03,1.600551085332731736e-03,0.000000000000000000e+00,9.839944891466723131e-02,9.839944891466727295e-02,1.555273666505181980e-11
3.265916406894492995e-06,1.600150177915637788e-03,1.600150193469279062e-03,0.000000000000000000e+00,9.839984980653068702e-02,9.839984980653072866e-02,1.555367884539457800e-11
3.278719095362464423e-06,1.594001030744733203e-03,1.594001046312855732e-03,0.000000000000000000e+00,9.840599895368710992e-02,9.840599895368715155e-02,1.556816018148105327e-11
3.292353043899566822e-06,1.587504297260787598e-03,1.587504312844270670e-03,0.000000000000000000e+00,9.841249568715569607e-02,9.841249568715573770e-02,1.558352075762507150e-11
3.299585648202683718e-06,1.584079315721056459e-03,1.584079331312662807e-03,0.000000000000000000e+00,9.841592066868730393e-02,9.841592066868734556e-02,1.559164392425176287e-11
3.305986992436669221e-06,1.581060280375031586e-03,1.581060295973812967e-03,0.000000000000000000e+00,9.841893970402615377e-02,9.841893970402619540e-02,1.559881886943484892e-11
3.319620940973771620e-06,1.574668391134301151e-03,1.574668406748318608e-03,0.000000000000000000e+00,9.842533159325164704e-02,9.842533159325168868e-02,1.561405499286134059e-11
3.333254889510873595e-06,1.568328040585432277e-03,1.568328056214624228e-03,0.000000000000000000e+00,9.843167194378533991e-02,9.843167194378538154e-02,1.562922960385551449e-11
3.333254889510874442e-06,1.568328040585431843e-03,1.568328056214624011e-03,0.000000000000000000e+00,9.843167194378533991e-02,9.843167194378538154e-02,1.562922960385551772e-11
