# t,R1(MeOH),R2(MeOH),P1(MeOH),P2(MeOH),MeO-(MeOH),TS1#(MeOH),Br-(MeOH),TS2#(MeOH)
0.000000000000000000e+00,4.000000000000000222e-01,0.000000000000000000e+00,0.000000000000000000e+00,0.000000000000000000e+00,5.999999999999999778e-01,0.000000000000000000e+00,0.000000000000000000e+00,0.000000000000000000e+00
4.202097769841399655e-05,3.936452929937219181e-01,6.347540913522527195e-03,8.080119701002054202e-07,6.358080785433271987e-06,5.999928339072445604e-01,0.000000000000000000e+00,7.166092755533475713e-06,0.000000000000000000e+00
4.652838837377064920e-05,3.929920099425812108e-01,6.999321522131855301e-03,8.992979265881902730e-07,7.769237360336793936e-06,5.999913314647131735e-01,0.000000000000000000e+00,8.668535286924981562e-06,0.000000000000000000e+00
5.151928972709619538e-05,3.922748601964210491e-01,7.714647068925140592e-03,1.002481105065087175e-06,9.490253548705914778e-06,5.999895072653462780e-01,0.000000000000000000e+00,1.049273465377100132e-05,0.000000000000000000e+00
5.704554373692302010e-05,3.914883253466897028e-01,8.498966997249673624e-03,1.119679070465874837e-06,1.158797699014540551e-05,5.999872923439394379e-01,0.000000000000000000e+00,1.270765606061127886e-05,0.000000000000000000e+00
6.316457539455720314e-05,3.906265730010397563e-01,9.358030154036675596e-03,1.253533338614777957e-06,1.414331158492230057e-05,5.999846031550765124e-01,0.000000000000000000e+00,1.539684492353707662e-05,0.000000000000000000e+00
6.993996942468089294e-05,3.896834767559813617e-01,1.029786186862979847e-02,1.407380615020496875e-06,1.725399477379493946e-05,5.999813386246112268e-01,0.000000000000000000e+00,1.866137538881543675e-05,0.000000000000000000e+00
7.744213101362510082e-05,3.886526480486675039e-01,1.132472858570228100e-02,1.585475853752291119e-06,2.103788977646449165e-05,5.999773766343698966e-01,0.000000000000000000e+00,2.262336563021678383e-05,0.000000000000000000e+00
8.404195539682799310e-05,3.877573218423163715e-01,1.221627152219989867e-02,1.749620816785500942e-06,2.465701466689077716e-05,5.999735933645163888e-01,0.000000000000000000e+00,2.640663548367628530e-05,0.000000000000000000e+00
8.574901741113891834e-05,3.875274813095405668e-01,1.244508856647594253e-02,1.793294708611148159e-06,2.563682927487521290e-05,5.999725698760165482e-01,0.000000000000000000e+00,2.743012398348636678e-05,0.000000000000000000e+00
9.494694800795355999e-05,3.863012244577069265e-01,1.366551627494640500e-02,2.037841090805831120e-06,3.122142625581521568e-05,5.999667407326534363e-01,0.000000000000000000e+00,3.325926734662105908e-05,0.000000000000000000e+00
1.051315013069058923e-04,3.849670564143556906e-01,1.499261921435453455e-02,2.328214286152227859e-06,3.799615700356809875e-05,5.999596756287103316e-01,0.000000000000000000e+00,4.032437128972033211e-05,0.000000000000000000e+00
1.164085081083184687e-04,3.835181950630645042e-01,1.643292314335583273e-02,2.676254827776293665e-06,4.620553875183379687e-05,5.999511182064204418e-01,0.000000000000000000e+00,4.888179357961009477e-05,0.000000000000000000e+00
1.260629330952419964e-04,3.823010797930469495e-01,1.764211072580842282e-02,2.998331259145048195e-06,5.381114988544092903e-05,5.999431905188554737e-01,0.000000000000000000e+00,5.680948114458598316e-05,0.000000000000000000e+00
1.288951512301317890e-04,3.819480414086103282e-01,1.799271973150691484e-02,3.097294647043397877e-06,5.614156523566273536e-05,5.999407611401172957e-01,0.000000000000000000e+00,5.923885988270612688e-05,0.000000000000000000e+00
1.427211831903147559e-04,3.802503343882955855e-01,1.967790281783122694e-02,3.611362448159858833e-06,6.815143142499809439e-05,5.999282372061268687e-01,0.000000000000000000e+00,7.176279387315796169e-05,0.000000000000000000e+00
1.580302745048616615e-04,3.784193571920507204e-01,2.149375131206501810e-02,4.244519348464783988e-06,8.264697653575701040e-05,5.999131085041158329e-01,0.000000000000000000e+00,8.689149588422179270e-05,0.000000000000000000e+00
1.680839107936559862e-04,3.772441875178589310e-01,2.265828210114767885e-02,4.699526265423637969e-06,9.283085472794890371e-05,5.999024696190067285e-01,0.000000000000000000e+00,9.753038099337253491e-05,0.000000000000000000e+00
1.749815066119536112e-04,3.764501738312765466e-01,2.344468049765507933e-02,5.030655132169996382e-06,1.001150159361539259e-04,5.998948543289317481e-01,0.000000000000000000e+00,1.051456710683239129e-04,0.000000000000000000e+00
1.937510249357141199e-04,3.743388944683367359e-01,2.553396320835232131e-02,6.013855644263878464e-06,1.211284676666739513e-04,5.998728576766890752e-01,0.000000000000000000e+00,1.271423233109378196e-04,0.000000000000000000e+00
2.101048884920699760e-04,3.725566917005119771e-01,2.729552042082347002e-02,6.973843419324556871e-06,1.408140352451983993e-04,5.998522121213355485e-01,0.000000000000000000e+00,1.477878786645229494e-04,0.000000000000000000e+00
2.145338692670466501e-04,3.720829983364764004e-01,2.776339124226582036e-02,7.251177567689862350e-06,1.463592436900849967e-04,5.998463895787422562e-01,0.000000000000000000e+00,1.536104212577748531e-04,0.000000000000000000e+00
2.375460004816031933e-04,3.696816645303093174e-01,3.013292795849645961e-02,8.816398291279611328e-06,1.765911129029307421e-04,5.998145924888058644e-01,0.000000000000000000e+00,1.854075111942103432e-04,0.000000000000000000e+00
2.521258661904839929e-04,3.682108876710390999e-01,3.158225352578598877e-02,9.920110290615317722e-06,1.969386928842898916e-04,5.997931411968252524e-01,0.000000000000000000e+00,2.068588031749051686e-04,0.000000000000000000e+00
2.630265446551260933e-04,3.671361565586162001e-01,3.264030490710652377e-02,1.080439515048249181e-05,2.127341391267989078e-04,5.997764614657228321e-01,0.000000000000000000e+00,2.235385342772813928e-04,0.000000000000000000e+00
2.912402778954506391e-04,3.644502136819995353e-01,3.528061061571736295e-02,1.333663437737894984e-05,2.558390679057140392e-04,5.997308242977170689e-01,0.000000000000000000e+00,2.691757022830929230e-04,0.000000000000000000e+00
2.941468438888979555e-04,3.641811526906659768e-01,3.554477329079813036e-02,1.361800574097162637e-05,2.604560127948957866e-04,5.997259259814642363e-01,0.000000000000000000e+00,2.740740185358673587e-04,0.000000000000000000e+00
3.224803777118178663e-04,3.616304123837183471e-01,3.804590906371158043e-02,1.656805122339623991e-05,3.071105013466412636e-04,5.996763214474301051e-01,0.000000000000000000e+00,3.236785525700374561e-04,0.000000000000000000e+00
3.361678215873119724e-04,3.604437719003860119e-01,3.920741413521017238e-02,1.813058763372898030e-05,3.306833767700754980e-04,5.996511860355963064e-01,0.000000000000000000e+00,3.488139644038044918e-04,0.000000000000000000e+00
3.570714695118109238e-04,3.586866165347197821e-01,4.092476611566822631e-02,2.069431037783246320e-05,3.679230392341545884e-04,5.996113826503881583e-01,0.000000000000000000e+00,3.886173496119869940e-04,0.000000000000000000e+00
3.781887992857259893e-04,3.569768297487680986e-01,4.259266436538258760e-02,2.350614422935330884e-05,4.069997416199330103e-04,5.995694941141508361e-01,0.000000000000000000e+00,4.305058858492862581e-04,0.000000000000000000e+00
3.953729998829987806e-04,3.556322228975881683e-01,4.390198481809001047e-02,2.596162786780622305e-05,4.398306564539580278e-04,5.995342077156783356e-01,0.000000000000000000e+00,4.657922843217641865e-04,0.000000000000000000e+00
4.202097769841399520e-04,3.537600461010504960e-01,4.572133428740055017e-02,2.978033610151395981e-05,4.888392754473937620e-04,5.994813803884512238e-01,0.000000000000000000e+00,5.186196115489076540e-04,0.000000000000000000e+00
4.377829717120854743e-04,3.524844279171130967e-01,4.695831764594889796e-02,3.267697584813309802e-05,5.245774610898284573e-04,5.994427455630620960e-01,0.000000000000000000e+00,5.572544369379615892e-04,0.000000000000000000e+00
4.622307546825539688e-04,3.507746653650877788e-01,4.861266993326898711e-02,3.697779219933360691e-05,5.756869094438414733e-04,5.993873352983569713e-01,0.000000000000000000e+00,6.126647016431749446e-04,0.000000000000000000e+00
4.847420799543217295e-04,3.492644382369684553e-01,5.007023517256424527e-02,4.121905720692157246e-05,6.241075332603345915e-04,5.993346734095328365e-01,0.000000000000000000e+00,6.653265904672560826e-04,0.000000000000000000e+00
5.042517323809679857e-04,3.480033085809750570e-01,5.128450479930357631e-02,4.511381976184279180e-05,6.670727999594282340e-04,5.992878133802788110e-01,0.000000000000000000e+00,7.121866197212710055e-04,0.000000000000000000e+00
5.367382910292289649e-04,3.459972939866396979e-01,5.321009065752701356e-02,5.205149231508428889e-05,7.405638635181404196e-04,5.992073846441668961e-01,0.000000000000000000e+00,7.926153558332245256e-04,0.000000000000000000e+00
5.462727100793820026e-04,3.454299858581562632e-01,5.375324705599086872e-02,5.419505501366015705e-05,7.625720308391591238e-04,5.991832329141473235e-01,0.000000000000000000e+00,8.167670858528191385e-04,0.000000000000000000e+00
5.882936877777959110e-04,3.430397432384789669e-01,5.603424188902454695e-02,6.422203501989058854e-05,8.617928374765190195e-04,5.990739851275037609e-01,0.000000000000000000e+00,9.260148724964093912e-04,0.000000000000000000e+00
5.943119134285277305e-04,3.427115993087062051e-01,5.634637830163822386e-02,6.573516767017568334e-05,8.762872219853390810e-04,5.990579776103446275e-01,0.000000000000000000e+00,9.420223896555146017e-04,0.000000000000000000e+00
6.303146654762099279e-04,3.408189917501452393e-01,5.814143382662426834e-02,7.518812659518325575e-05,9.643862966352801606e-04,5.989604255767696506e-01,0.000000000000000000e+00,1.039574423230463186e-03,0.000000000000000000e+00
6.580612122265057243e-04,3.394392222534601267e-01,5.944402127969183880e-02,8.293911264805852433e-05,1.033817354199951296e-03,5.988832435331520321e-01,0.000000000000000000e+00,1.116756466848009685e-03,0.000000000000000000e+00
6.723356431746239448e-04,3.387548792331837588e-01,6.008801132335900991e-02,8.708304606244840398e-05,1.070026397394750533e-03,5.988428905565429394e-01,0.000000000000000000e+00,1.157109443457198829e-03,0.000000000000000000e+00
7.143566208730379617e-04,3.368358210870897596e-01,6.188586211861306363e-02,9.989103882729293948e-05,1.178425755469846275e-03,5.987216832057029592e-01,0.000000000000000000e+00,1.278316794297139174e-03,0.000000000000000000e+00
7.286486258349199460e-04,3.362141906906040423e-01,6.246548300543421084e-02,1.044522209142644703e-04,1.215874083047432247e-03,5.986796736960383614e-01,0.000000000000000000e+00,1.320326303961696663e-03,0.000000000000000000e+00
7.563775985714519786e-04,3.350507523108240959e-01,6.354634075937418136e-02,1.135941540901226301e-04,1.289312775711532475e-03,5.985970930701983717e-01,0.000000000000000000e+00,1.402906929801654929e-03,0.000000000000000000e+00
7.983985762698658870e-04,3.333897529590139075e-01,6.507962676498324495e-02,1.281705407409491025e-04,1.402449735261869241e-03,5.984693797239972746e-01,0.000000000000000000e+00,1.530620276002818154e-03,0.000000000000000000e+00
8.068076496026188637e-04,3.330714401238556999e-01,6.537202848525631993e-02,1.311902903764371653e-04,1.425341100511488563e-03,5.984434686091121280e-01,0.000000000000000000e+00,1.556531390887925647e-03,0.000000000000000000e+00
8.404195539682799039e-04,3.318435922232066404e-01,6.649519247190711912e-02,1.435964221751672874e-04,1.517618882711035868e-03,5.983387846951138123e-01,0.000000000000000000e+00,1.661215304886202830e-03,0.000000000000000000e+00
8.824405316666939208e-04,3.304034431613089295e-01,6.780209577722870473e-02,1.598467665121322502e-04,1.634614294950224563e-03,5.982055389385376731e-01,0.000000000000000000e+00,1.794461061462356705e-03,0.000000000000000000e+00
8.933504577894802639e-04,3.300459013653970763e-01,6.812463485086793502e-02,1.641973392556941077e-04,1.665266444479290278e-03,5.981705362162650363e-01,0.000000000000000000e+00,1.829463783734984169e-03,0.000000000000000000e+00
9.244615093651079377e-04,3.290615378382315548e-01,6.900830783098124699e-02,1.768943963106995394e-04,1.753259934476501455e-03,5.980698456692128406e-01,0.000000000000000000e+00,1.930154330787200914e-03,0.000000000000000000e+00
9.664824870635219545e-04,3.278105827761028102e-01,7.012131289238882070e-02,1.947115955832788754e-04,1.873392735925059590e-03,5.979318956684916975e-01,0.000000000000000000e+00,2.068104331508338004e-03,0.000000000000000000e+00
9.891763431169188058e-04,3.271702488881514381e-01,7.068627410575153980e-02,2.046440108640614148e-04,1.938832995232919656e-03,5.978565229939031278e-01,0.000000000000000000e+00,2.143477006096980528e-03,0.000000000000000000e+00
1.008503464761935971e-03,3.266434272389207027e-01,7.114844874516949857e-02,2.132699262673659027e-04,1.994854089642417085e-03,5.977918759840903373e-01,0.000000000000000000e+00,2.208124015909782717e-03,0.000000000000000000e+00
1.050524442460349988e-03,3.255540158127699368e-01,7.209592914672870168e-02,2.325404149267738677e-04,2.117514625574566569e-03,5.976499449594987468e-01,0.000000000000000000e+00,2.350055040501340328e-03,0.000000000000000000e+00
1.092545420158764005e-03,3.245366561524217763e-01,7.296959526847501820e-02,2.524940825237061018e-04,2.241254496579491318e-03,5.975062514208968611e-01,0.000000000000000000e+00,2.493748579103197312e-03,0.000000000000000000e+00
1.095281061592894446e-03,3.244727863883003494e-01,7.302405276951733082e-02,2.538160964962154478e-04,2.249344745686050143e-03,5.974968391578178162e-01,0.000000000000000000e+00,2.503160842182264832e-03,0.000000000000000000e+00
1.134566397857177805e-03,3.235858344113990981e-01,7.377510510431560531e-02,2.731020995650905491e-04,2.365958384720160280e-03,5.973609395157148949e-01,0.000000000000000000e+00,2.639060484285250287e-03,0.000000000000000000e+00
1.176587375555591822e-03,3.226963578664018839e-01,7.451778711453059534e-02,2.943352449740001850e-04,2.491519774093513013e-03,5.972141449809326152e-01,0.000000000000000000e+00,2.785855019067512602e-03,0.000000000000000000e+00
1.212767179716369836e-03,3.219763290906337838e-01,7.511032619249999320e-02,3.130962174195265138e-04,2.600248499446642780e-03,5.970866552831339824e-01,0.000000000000000000e+00,2.913344716866168860e-03,0.000000000000000000e+00
1.218608353254005839e-03,3.218638595877322817e-01,7.520212232082715276e-02,3.161654449550556898e-04,2.617852646485440207e-03,5.970659819085596398e-01,0.000000000000000000e+00,2.934018091440494976e-03,0.000000000000000000e+00
1.260629330952419856e-03,3.210841152237113305e-01,7.583244542902749241e-02,3.385648754779452046e-04,2.744874471783193253e-03,5.969165606527390144e-01,0.000000000000000000e+00,3.083439347261137699e-03,0.000000000000000000e+00
1.302650308650833873e-03,3.203531620369632349e-01,7.641282267350454904e-02,3.615064181084897158e-04,2.872508871423710714e-03,5.967659847104678228e-01,0.000000000000000000e+00,3.234015289532199671e-03,0.000000000000000000e+00
1.342855531582159154e-03,3.196957827914256312e-01,7.692514780226426818e-02,3.839382643848988572e-04,2.995131141925166333e-03,5.966209305936900353e-01,0.000000000000000000e+00,3.379069406310064323e-03,0.000000000000000000e+00
1.344671286349247890e-03,3.196670181064747429e-01,7.694733998126061791e-02,3.849620879715613285e-04,3.000679824293050069e-03,5.966143580877354413e-01,0.000000000000000000e+00,3.385641912264610205e-03,0.000000000000000000e+00
1.386692264047661906e-03,3.190225952558456424e-01,7.743916611269065220e-02,4.089068489440312888e-04,3.129331782519641485e-03,5.964617613685364583e-01,0.000000000000000000e+00,3.538238631463672124e-03,0.000000000000000000e+00
1.428713241746075923e-03,3.184168873984984938e-01,7.789138558671246382e-02,4.333159509791612842e-04,3.258411063809859426e-03,5.963082729852110520e-01,0.000000000000000000e+00,3.691727014789019951e-03,0.000000000000000000e+00
1.470734219444489940e-03,3.178469091204787489e-01,7.830706170809344224e-02,4.581647537242984148e-04,3.387864417703439091e-03,5.961539708285723549e-01,0.000000000000000000e+00,3.846029171427736964e-03,0.000000000000000000e+00
1.486897904940443806e-03,3.176366229702460298e-01,7.845779212419212723e-02,4.678352725598248574e-04,3.437749633001953298e-03,5.960944150944383901e-01,0.000000000000000000e+00,3.905584905561777179e-03,0.000000000000000000e+00
1.512755197142903957e-03,3.173099190993262098e-01,7.868900729654192128e-02,4.834295098809830932e-04,3.517644094250819715e-03,5.959989263958683781e-01,0.000000000000000000e+00,4.001073604131801832e-03,0.000000000000000000e+00
1.554776174841317974e-03,3.168033196584045252e-01,7.903988776741319167e-02,5.090866753788089337e-04,3.647705898803451155e-03,5.958432074258178668e-01,0.000000000000000000e+00,4.156792574182259330e-03,0.000000000000000000e+00
1.596797152539731774e-03,3.163250357803749080e-01,7.936183218702688724e-02,5.351155518952565616e-04,3.778016480702889746e-03,5.956868679674020006e-01,0.000000000000000000e+00,4.313132032598145441e-03,0.000000000000000000e+00
1.638818130238145791e-03,3.158729924478987927e-01,7.965696962170262796e-02,5.614954411078068195e-04,3.908542489290693124e-03,5.955299620696016261e-01,0.000000000000000000e+00,4.470037930398498317e-03,0.000000000000000000e+00
1.646391088035681046e-03,3.157941561462232483e-01,7.970747251426686664e-02,5.662853153001353151e-04,3.932086024209710193e-03,5.955016286604902787e-01,0.000000000000000000e+00,4.498371339509843990e-03,0.000000000000000000e+00
1.680839107936559808e-03,3.154452093848384431e-01,7.992733191670178816e-02,5.882063311383108626e-04,4.039252367321396510e-03,5.953725413015403811e-01,0.000000000000000000e+00,4.627458698459706830e-03,0.000000000000000000e+00
1.722860085634973825e-03,3.150397225772904042e-01,8.017493422878781140e-02,6.152278928995035586e-04,4.170115301022229992e-03,5.952146568060784348e-01,0.000000000000000000e+00,4.785343193921732900e-03,0.000000000000000000e+00
1.764881063333387842e-03,3.146548058482274701e-01,8.040154765724949470e-02,6.425412426996147995e-04,4.301105251823351613e-03,5.950563535054771425e-01,0.000000000000000000e+00,4.943646494522966305e-03,0.000000000000000000e+00
1.806902041031801858e-03,3.142890916510973076e-01,8.060857528535179950e-02,6.701301759639636786e-04,4.432202887586876063e-03,5.948976669364492986e-01,0.000000000000000000e+00,5.102333063550838765e-03,0.000000000000000000e+00
1.822992423189865154e-03,3.141538515078649008e-01,8.068295826153654149e-02,6.807638971745009517e-04,4.482426333423980558e-03,5.948368097694016754e-01,0.000000000000000000e+00,5.163190230598480208e-03,0.000000000000000000e+00
1.848923018730215875e-03,3.139412124393475279e-01,8.079742019635963168e-02,6.979784881178693976e-04,4.563388876174918028e-03,5.947386326357073649e-01,0.000000000000000000e+00,5.261367364292786342e-03,0.000000000000000000e+00
1.890943996428629892e-03,3.136098006664257420e-01,8.096948547353795267e-02,7.260699745866511581e-04,4.694643885449592199e-03,5.945792861399639140e-01,0.000000000000000000e+00,5.420713860036242490e-03,0.000000000000000000e+00
1.932964974127043909e-03,3.132935928589943853e-01,8.112606740618658052e-02,7.543893693910902563e-04,4.825950365427883124e-03,5.944196602651811157e-01,0.000000000000000000e+00,5.580339734818973163e-03,0.000000000000000000e+00
1.974985951825457709e-03,3.129913329845005476e-01,8.126845464796113305e-02,7.829210080108048092e-04,4.957291359527406065e-03,5.942597876324619000e-01,0.000000000000000000e+00,5.740212367538210549e-03,0.000000000000000000e+00
2.017006929523871943e-03,3.127020199788497767e-01,8.139767422154202403e-02,8.116516007472771585e-04,5.088654198860848542e-03,5.940996942003919923e-01,0.000000000000000000e+00,5.900305799608125158e-03,0.000000000000000000e+00
2.018537028752204546e-03,3.126917184403822381e-01,8.140214244097866703e-02,8.127013607121505619e-04,5.093437757926863770e-03,5.940938608813610688e-01,0.000000000000000000e+00,5.906139118639013898e-03,0.000000000000000000e+00
2.059027907222285743e-03,3.124247828802670934e-01,8.151461964668745008e-02,8.405691269698653892e-04,5.220028346075517023e-03,5.939394025269547628e-01,0.000000000000000000e+00,6.060597473045381545e-03,0.000000000000000000e+00
2.235056868373732752e-03,3.113756380259302681e-01,8.189062899878225832e-02,9.634740809877884952e-04,5.770258894299588708e-03,5.932662670247127457e-01,0.000000000000000000e+00,6.733732975287376119e-03,0.000000000000000000e+00
2.474801865761483768e-03,3.101679516868973141e-01,8.217902855019502961e-02,1.134417665906683071e-03,6.518602097000835392e-03,5.923469802370926462e-01,0.000000000000000000e+00,7.653019762907517162e-03,0.000000000000000000e+00
2.740263284322121563e-03,3.090284820678637634e-01,8.229980996298047469e-02,1.326865833462144125e-03,7.344842135693497968e-03,5.913282920308444712e-01,0.000000000000000000e+00,8.671707969155640142e-03,0.000000000000000000e+00
3.034199614640005135e-03,3.079168615272920295e-01,8.228486252162812986e-02,1.542197066915093400e-03,8.256078884164630427e-03,5.902017240489204619e-01,0.000000000000000000e+00,9.798275951079724044e-03,0.000000000000000000e+00
3.359665238794378329e-03,3.067952519261580302e-01,8.216265750256267208e-02,1.781902470864725821e-03,9.260188100414448384e-03,5.889579094287209493e-01,0.000000000000000000e+00,1.104209057127917247e-02,0.000000000000000000e+00
3.720042169375363788e-03,3.056294585710199740e-01,8.195705937928628171e-02,2.047639682419113809e-03,1.036584236727454075e-02,5.875865179503064750e-01,0.000000000000000000e+00,1.241348204969365369e-02,0.000000000000000000e+00
4.119075193008517842e-03,3.043900078878044035e-01,8.168617743398819131e-02,2.341288923539631018e-03,1.158252575466765105e-02,5.860761853217928419e-01,0.000000000000000000e+00,1.392381467820727990e-02,0.000000000000000000e+00
4.560910783575083775e-03,3.030528105723747090e-01,8.136164791299879684e-02,2.665008746680655200e-03,1.292053276794575926e-02,5.844144584853736557e-01,0.000000000000000000e+00,1.558554151462641403e-02,0.000000000000000000e+00
5.050140189487063898e-03,3.015972015667197637e-01,8.099061372241340984e-02,3.021222396955177119e-03,1.439096231391152197e-02,5.825878152891333928e-01,0.000000000000000000e+00,1.741218471086669953e-02,0.000000000000000000e+00
5.591847142750097817e-03,3.000056848057180980e-01,8.057596471894207246e-02,3.412634939308296401e-03,1.600571553603143821e-02,5.805816495246604036e-01,0.000000000000000000e+00,1.941835047533973721e-02,0.000000000000000000e+00
6.191660685573632458e-03,2.982627078116726893e-01,8.011758560780872507e-02,3.842216650996213394e-03,1.777748992952228602e-02,5.783802934194816059e-01,0.000000000000000000e+00,2.161970658051850028e-02,0.000000000000000000e+00
6.855813663465770702e-03,2.963533286593369453e-01,7.961372945122749401e-02,4.313170079199386484e-03,1.971977181023608708e-02,5.759670581105645892e-01,0.000000000000000000e+00,2.403294188943547530e-02,0.000000000000000000e+00
7.591207492632380191e-03,2.942629109183718672e-01,7.906135596140302646e-02,4.828918612710494072e-03,2.184681450751449830e-02,5.733242668797751129e-01,0.000000000000000000e+00,2.667573312022499324e-02,0.000000000000000000e+00
8.405483874698334648e-03,2.919765036034918104e-01,7.845682852473541413e-02,5.393074666991210832e-03,2.417359320478147319e-02,5.704333321282273328e-01,0.000000000000000000e+00,2.956666787177268663e-02,0.000000000000000000e+00
9.307104203960296640e-03,2.894786145731887417e-01,7.779618582702792218e-02,6.009422715886580425e-03,2.671577688389667124e-02,5.672748004002168276e-01,0.000000000000000000e+00,3.272519959978325427e-02,0.000000000000000000e+00
1.020386739203261485e-02,2.870286884427747376e-01,7.714803586716566242e-02,6.613944109682098546e-03,2.920933158037740396e-02,5.641767243099405915e-01,0.000000000000000000e+00,3.582327569005950424e-02,0.000000000000000000e+00
1.030543749231618497e-02,2.867533412951494554e-01,7.707517879630246260e-02,6.681886663032537456e-03,2.948959324551544969e-02,5.638285200914521234e-01,0.000000000000000000e+00,3.617147990854798628e-02,0.000000000000000000e+00
1.141085772552603676e-02,2.837843445637002193e-01,7.628943846571693832e-02,7.414497363526922902e-03,3.251171960705584452e-02,5.600737830294172381e-01,0.000000000000000000e+00,3.992621697058276742e-02,0.000000000000000000e+00
1.263485166246276423e-02,2.805550150146290389e-01,7.543451806770996859e-02,8.211351674032980885e-03,3.579911524362795056e-02,5.559895330823391157e-01,0.000000000000000000e+00,4.401046691766093144e-02,0.000000000000000000e+00
1.399013819752789253e-02,2.770485062670761112e-01,7.450587862733297484e-02,9.076609261350825769e-03,3.936900584424002369e-02,5.515543848944092220e-01,0.000000000000000000e+00,4.844561510559084599e-02,0.000000000000000000e+00
1.549080052656342903e-02,2.732482762661387898e-01,7.349905060285065461e-02,1.001435420998819312e-02,4.323831892102225627e-02,5.467473268689896360e-01,0.000000000000000000e+00,5.325267313101045286e-02,0.000000000000000000e+00
1.715243248963618100e-02,2.691382658192516542e-01,7.240967936926383242e-02,1.102855152446773242e-02,4.742350328701670781e-02,5.415479451885155671e-01,0.000000000000000000e+00,5.845205481148443155e-02,0.000000000000000000e+00
1.899230061138715633e-02,2.647030769728495603e-01,7.123357243351598200e-02,1.212300328333423133e-02,5.194034731030010982e-02,5.359366494063656505e-01,0.000000000000000000e+00,6.406335059363434115e-02,0.000000000000000000e+00
2.040773478406522970e-02,2.613708379418557270e-01,7.034956860546941193e-02,1.294529361714930396e-02,5.533429983552543008e-02,5.317204065473252195e-01,0.000000000000000000e+00,6.827959345267474445e-02,0.000000000000000000e+00
2.102952352275650610e-02,2.599283453120456167e-01,6.996679275600004022e-02,1.330125709480139799e-02,5.680360483715284070e-02,5.298951380680457790e-01,0.000000000000000000e+00,7.010486193195424043e-02,0.000000000000000000e+00
2.263298390526323478e-02,2.562671157938553601e-01,6.899498834674883119e-02,1.420474385599644097e-02,6.053315200339923902e-02,5.252621041406043689e-01,0.000000000000000000e+00,7.473789585939569213e-02,0.000000000000000000e+00
2.328527062851015045e-02,2.548014467942706918e-01,6.860584523605788021e-02,1.456643156772838808e-02,6.202627640194293551e-02,5.234072920303286525e-01,0.000000000000000000e+00,7.659270796967133921e-02,0.000000000000000000e+00
2.578298208498292637e-02,2.493118971070309997e-01,6.714778804887841512e-02,1.592111758481240535e-02,6.761919725927803548e-02,5.164596851559095647e-01,0.000000000000000000e+00,8.354031484409044084e-02,0.000000000000000000e+00
2.854861237389378845e-02,2.434513610886893942e-01,6.559023388006898769e-02,1.736737602315185924e-02,7.359102900808961456e-02,5.090415949687585595e-01,0.000000000000000000e+00,9.095840503124148768e-02,0.000000000000000000e+00
3.061160217609784628e-02,2.392217046808264858e-01,6.446549943200244326e-02,1.841118152314707990e-02,7.790161436402387451e-02,5.036872041128290789e-01,0.000000000000000000e+00,9.631279588717095441e-02,0.000000000000000000e+00
3.161090000328336397e-02,2.372148973412789852e-01,6.393167482331048312e-02,1.890643079215700850e-02,7.994699704325340661e-02,5.011465721645895766e-01,0.000000000000000000e+00,9.885342783541041511e-02,0.000000000000000000e+00
3.500166613811818428e-02,2.306013386951252520e-01,6.217159769571898448e-02,2.053857460635379051e-02,8.668848900280182179e-02,4.927729363908444071e-01,0.000000000000000000e+00,1.072270636091556262e-01,0.000000000000000000e+00
3.875614526372350710e-02,2.236129322708660938e-01,6.031038438646562500e-02,2.226325782355523600e-02,9.381342551911289740e-02,4.839233166573319034e-01,0.000000000000000000e+00,1.160766833426681299e-01,0.000000000000000000e+00
4.081546956813045940e-02,2.199208105780370293e-01,5.932649238823566040e-02,2.317445733277381098e-02,9.757823970095333421e-02,4.792473029662728812e-01,0.000000000000000000e+00,1.207526970337271383e-01,0.000000000000000000e+00
4.291335131806941344e-02,2.162573418213323551e-01,5.834984512684535107e-02,2.407859440978522142e-02,1.013142186420369351e-01,4.746071869481778838e-01,0.000000000000000000e+00,1.253928130518221495e-01,0.000000000000000000e+00
4.320693990330418816e-02,2.157523419654778229e-01,5.821518619714752957e-02,2.420322811029104737e-02,1.018292437270834072e-01,4.739675281626255510e-01,0.000000000000000000e+00,1.260324718373744546e-01,0.000000000000000000e+00
4.751648309750199084e-02,2.085466789856035286e-01,5.629298014584210863e-02,2.598160044896874812e-02,1.091787404195854322e-01,4.648396591314458148e-01,0.000000000000000000e+00,1.351603408685541907e-01,0.000000000000000000e+00
5.101933696016307251e-02,2.029628597575859061e-01,5.480238105277609323e-02,2.735972233763794489e-02,1.148750368519998871e-01,4.577652408103621839e-01,0.000000000000000000e+00,1.422347591896378494e-01,0.000000000000000000e+00
5.261337314861488229e-02,2.004986270741470344e-01,5.414426577457293055e-02,2.796791718069454105e-02,1.173891899705853115e-01,4.546428928487201149e-01,0.000000000000000000e+00,1.453571071512798629e-01,0.000000000000000000e+00
5.825698481083332880e-02,1.921364957249109551e-01,5.190970225613546901e-02,3.003179671904400785e-02,1.259220052999094064e-01,4.440461979810466087e-01,0.000000000000000000e+00,1.559538020189534246e-01,0.000000000000000000e+00
6.122320435219569257e-02,1.879553270384457797e-01,5.079162714605663098e-02,3.106377946500959303e-02,1.301892663504878311e-01,4.387469541845026022e-01,0.000000000000000000e+00,1.612530458154974311e-01,0.000000000000000000e+00
6.378089590134514153e-02,1.844613748193814906e-01,4.985692686941742280e-02,3.192615461778385011e-02,1.337555436934170783e-01,4.343183016887990910e-01,0.000000000000000000e+00,1.656816983112009423e-01,0.000000000000000000e+00
6.450596257463134253e-02,1.834890051599632477e-01,4.959673598600062433e-02,3.216615574999576177e-02,1.347481031040402011e-01,4.330857411459640982e-01,0.000000000000000000e+00,1.669142588540359629e-01,0.000000000000000000e+00
7.142524147432302573e-02,1.745906216681401557e-01,4.721438731094649427e-02,3.436249187799816918e-02,1.438324991429150157e-01,4.218050089790868484e-01,0.000000000000000000e+00,1.781949910209132126e-01,0.000000000000000000e+00
7.142707174422829874e-02,1.745883554473281751e-01,4.721378028445296499e-02,3.436305124282802020e-02,1.438348130253906676e-01,4.218021357317813247e-01,0.000000000000000000e+00,1.781978642682187086e-01,0.000000000000000000e+00
7.908672184781377623e-02,1.654811950195068104e-01,4.477313571567427541e-02,3.661097353566566959e-02,1.531346957291530864e-01,4.102543307351813051e-01,0.000000000000000000e+00,1.897456692648187282e-01,0.000000000000000000e+00
8.163093913626091880e-02,1.626143913165662425e-01,4.400435476578914984e-02,3.731859874548811712e-02,1.560626551721563393e-01,4.066187460823555977e-01,0.000000000000000000e+00,1.933812539176444356e-01,0.000000000000000000e+00
8.435485189938608797e-02,1.596268119171888322e-01,4.320292999570341658e-02,3.805604137928517150e-02,1.591142167078224423e-01,4.028297419128924473e-01,0.000000000000000000e+00,1.971702580871075861e-01,0.000000000000000000e+00
8.757001647494591645e-02,1.562050365923465245e-01,4.228470875218683089e-02,3.890066664587783080e-02,1.626095880095886625e-01,3.984897453445335747e-01,0.000000000000000000e+00,2.015102546554664587e-01,0.000000000000000000e+00
9.183480652829353885e-02,1.518326776000980260e-01,4.111090214409682947e-02,3.997994381910092987e-02,1.670764764367040633e-01,3.929435797441950817e-01,0.000000000000000000e+00,2.070564202558049516e-01,0.000000000000000000e+00
9.696327785818184553e-02,1.468114761275324254e-01,3.976221793080041839e-02,4.121939761469708974e-02,1.722069083269699152e-01,3.865736940583330838e-01,0.000000000000000000e+00,2.134263059416669772e-01,0.000000000000000000e+00
1.020386739203261450e-01,1.420796917147054694e-01,3.849059283980354323e-02,4.238742600584226305e-02,1.770422894396485591e-01,3.805702845545092528e-01,0.000000000000000000e+00,2.194297154454907806e-01,0.000000000000000000e+00
1.049288078974270344e-01,1.394849529730338988e-01,3.779299952840378674e-02,4.302793676548914009e-02,1.796941107330730092e-01,3.772779525014379187e-01,0.000000000000000000e+00,2.227220474985621146e-01,0.000000000000000000e+00
1.073641142421491723e-01,1.373521596863359617e-01,3.721945216117283212e-02,4.355441975518557773e-02,1.818739683973054633e-01,3.745716118475090339e-01,0.000000000000000000e+00,2.254283881524910271e-01,0.000000000000000000e+00
1.122425413123587651e-01,1.332205647048530506e-01,3.610801266066315796e-02,4.457431833908445662e-02,1.860971042953991905e-01,3.693285773655163862e-01,0.000000000000000000e+00,2.306714226344836194e-01,0.000000000000000000e+00
1.188806038906881080e-01,1.278824625113503255e-01,3.467126711502973441e-02,4.589206439143632410e-02,1.915542059821834509e-01,3.625537296263802722e-01,0.000000000000000000e+00,2.374462703736197611e-01,0.000000000000000000e+00
1.224464087043913851e-01,1.251419468128201484e-01,3.393333294389417470e-02,4.656858639105170700e-02,1.943561338522337978e-01,3.590752797567145493e-01,0.000000000000000000e+00,2.409247202432854840e-01,0.000000000000000000e+00
1.255027638954679947e-01,1.228597531249758651e-01,3.331864276999817187e-02,4.713197113254102844e-02,1.966896329724847625e-01,3.561783958949742424e-01,0.000000000000000000e+00,2.438216041050257632e-01,0.000000000000000000e+00
1.316324181610628585e-01,1.184589193358395742e-01,3.213288249119779921e-02,4.821837543702436196e-02,2.011898227359381064e-01,3.505918018270375858e-01,0.000000000000000000e+00,2.494081981729624475e-01,0.000000000000000000e+00
1.326502760964239913e-01,1.177499667783781512e-01,3.194180894426146278e-02,4.839339101567052825e-02,2.019148332616896857e-01,3.496917757226398193e-01,0.000000000000000000e+00,2.503082242773602140e-01,0.000000000000000000e+00
1.428541434884565975e-01,1.109645142991076416e-01,3.011227546259578891e-02,5.006849891201008151e-02,2.088547113262863297e-01,3.410767897617036359e-01,0.000000000000000000e+00,2.589232102382963974e-01,0.000000000000000000e+00
1.457520650455422229e-01,1.091384059399750917e-01,2.961967838991452426e-02,5.051931103651791100e-02,2.107226046335922975e-01,3.387580843298897970e-01,0.000000000000000000e+00,2.612419156701102363e-01,0.000000000000000000e+00
1.460767198935089273e-01,1.089364512826149073e-01,2.956519463782028914e-02,5.056916780287541019e-02,2.109291862766892178e-01,3.385016459204354122e-01,0.000000000000000000e+00,2.614983540795646211e-01,0.000000000000000000e+00
1.530580108804892314e-01,1.047173474538797694e-01,2.842668019494983336e-02,5.161074884479810443e-02,2.152452235063721520e-01,3.331440276488297769e-01,0.000000000000000000e+00,2.668559723511702564e-01,0.000000000000000000e+00
1.613862661023717782e-01,9.997697208908158661e-02,2.714687287258268217e-02,5.278103187245232475e-02,2.200951231658832552e-01,3.271238449616644672e-01,0.000000000000000000e+00,2.728761550383355661e-01,0.000000000000000000e+00
1.632618782725218376e-01,9.895062653438715938e-02,2.686969329951880564e-02,5.303441352597523112e-02,2.211452666401186318e-01,3.258203198339061912e-01,0.000000000000000000e+00,2.741796801660938421e-01,0.000000000000000000e+00
1.666506758915498876e-01,9.713292506528788117e-02,2.637872056503147780e-02,5.348316489337209129e-02,2.230051894763083742e-01,3.235116456303195331e-01,0.000000000000000000e+00,2.764883543696805002e-01,0.000000000000000000e+00
1.734657456645544438e-01,9.361381906300240974e-02,2.542790970466229927e-02,5.435196274372719460e-02,2.266063084886079104e-01,3.190417287676649005e-01,0.000000000000000000e+00,2.809582712323351328e-01,0.000000000000000000e+00
1.786974810842459072e-01,9.102992269907722589e-02,2.472954430545514642e-02,5.498988112308733633e-02,2.292506518723801123e-01,3.157594670045325569e-01,0.000000000000000000e+00,2.842405329954674764e-01,0.000000000000000000e+00
1.836696130565870777e-01,8.866364413196964334e-02,2.408982292877594883e-02,5.557407744993199394e-02,2.316724554893222487e-01,3.127534670607458045e-01,0.000000000000000000e+00,2.872465329392542288e-01,0.000000000000000000e+00
1.872246318895908479e-01,8.702276925065148550e-02,2.364611793307390061e-02,5.597918538954652079e-02,2.333519274267279175e-01,3.106688871837255950e-01,0.000000000000000000e+00,2.893311128162744383e-01,0.000000000000000000e+00
1.938734804486196839e-01,8.406215055903758226e-02,2.284534234097661265e-02,5.671012330539429436e-02,2.363823837945913109e-01,3.069074929000144003e-01,0.000000000000000000e+00,2.930925070999856330e-01,0.000000000000000000e+00
1.978655961071590363e-01,8.234942685742224766e-02,2.238197283053773579e-02,5.713297503256093562e-02,2.381356252794789019e-01,3.047313996879602027e-01,0.000000000000000000e+00,2.952686003120398306e-01,0.000000000000000000e+00
2.040773478406522901e-01,7.977629629790952692e-02,2.168566074344979722e-02,5.776825501018005571e-02,2.407697879484604342e-01,3.014619570413595295e-01,0.000000000000000000e+00,2.985380429586405038e-01,0.000000000000000000e+00
2.077985878876317805e-01,7.828612834189872804e-02,2.128231936522674561e-02,5.813616446158709206e-02,2.422953878312872622e-01,2.995684477071256513e-01,0.000000000000000000e+00,3.004315522928743820e-01,0.000000000000000000e+00
2.142812152326849240e-01,7.577708285337085570e-02,2.060305200128494107e-02,5.875562923563226042e-02,2.448642359097117638e-01,2.963801348546559744e-01,0.000000000000000000e+00,3.036198651453440589e-01,0.000000000000000000e+00
2.190897929019156865e-01,7.398419905154621223e-02,2.011755439308047025e-02,5.919828159637399723e-02,2.466999649589991517e-01,2.941017534446268566e-01,0.000000000000000000e+00,3.058982465553731767e-01,0.000000000000000000e+00
2.244850826247175302e-01,7.203857353122419815e-02,1.959058712151836093e-02,5.967864744750833728e-02,2.486921918997489211e-01,2.916291606527427471e-01,0.000000000000000000e+00,3.083708393472572862e-01,0.000000000000000000e+00
2.283725438856727408e-01,7.067820944719591103e-02,1.922206968397202967e-02,6.001451649924190862e-02,2.500852043695899751e-01,2.899002791311681149e-01,0.000000000000000000e+00,3.100997208688319184e-01,0.000000000000000000e+00
2.346889500167501363e-01,6.853864181803122346e-02,1.864235934848729875e-02,6.054277062497227108e-02,2.522762282085090346e-01,2.871810011665186790e-01,0.000000000000000000e+00,3.128189988334813543e-01,0.000000000000000000e+00
2.425906185722581376e-01,6.597895808890201497e-02,1.794864136706974048e-02,6.117475445499000186e-02,2.548976460890380880e-01,2.839275994559719574e-01,0.000000000000000000e+00,3.160724005440280759e-01,0.000000000000000000e+00
2.448928174087827703e-01,6.525651845584122535e-02,1.775281262257724299e-02,6.135312501418306586e-02,2.556375439073982903e-01,2.830093310784186356e-01,0.000000000000000000e+00,3.169906689215813977e-01,0.000000000000000000e+00
2.489464998837137011e-01,6.400911337078990515e-02,1.741464699345958433e-02,6.166111053181783791e-02,2.569151291039324936e-01,2.814237603642496532e-01,0.000000000000000000e+00,3.185762396357503801e-01,0.000000000000000000e+00
2.550966848008153764e-01,6.217461781680130861e-02,1.691723993109087859e-02,6.211405116034696139e-02,2.587940910917606585e-01,2.790918577478923579e-01,0.000000000000000000e+00,3.209081422521076754e-01,0.000000000000000000e+00
2.653005521928479826e-01,5.927684660719745313e-02,1.613133303782951847e-02,6.282952126745128263e-02,2.617622990875215772e-01,2.754081796450271180e-01,0.000000000000000000e+00,3.245918203549729153e-01,0.000000000000000000e+00
2.686122773671041353e-01,5.837340302805425069e-02,1.588625842258294465e-02,6.305258588428216959e-02,2.626877526650804873e-01,2.742596614506373487e-01,0.000000000000000000e+00,3.257403385493626846e-01,0.000000000000000000e+00
2.695204558817546614e-01,5.812870791059649572e-02,1.581987647704503550e-02,6.311300239477311835e-02,2.629384132175852096e-01,2.739485843876416915e-01,0.000000000000000000e+00,3.260514156123583418e-01,0.000000000000000000e+00
2.755044195848805888e-01,5.654850379236436159e-02,1.539114887297384979e-02,6.350316407337011637e-02,2.645571832612915175e-01,2.719396526653383717e-01,0.000000000000000000e+00,3.280603473346616616e-01,0.000000000000000000e+00
2.857082869769131950e-01,5.397696586797776086e-02,1.469330257446852667e-02,6.413809548873056210e-02,2.671916360688230130e-01,2.686702684424464582e-01,0.000000000000000000e+00,3.313297315575535751e-01,0.000000000000000000e+00
2.900944118797955662e-01,5.291685481769033833e-02,1.440555989556202392e-02,6.439984590994202174e-02,2.682777393768054908e-01,2.673224147132525208e-01,0.000000000000000000e+00,3.326775852867475125e-01,0.000000000000000000e+00
2.959121543689458567e-01,5.155037072044553470e-02,1.403461029878470823e-02,6.473724355060017643e-02,2.696777754301694641e-01,2.655849810192303928e-01,0.000000000000000000e+00,3.344150189807696405e-01,0.000000000000000000e+00
2.974251682813973674e-01,5.120220748269422445e-02,1.394008804658185968e-02,6.482320849577491439e-02,2.700344959749488849e-01,2.651422955292762618e-01,0.000000000000000000e+00,3.348577044707237715e-01,0.000000000000000000e+00
3.061160217609784628e-01,4.925797531296998572e-02,1.341218509593570564e-02,6.530326015028352360e-02,2.720265794408106563e-01,2.626701604089058395e-01,0.000000000000000000e+00,3.373298395910941938e-01,0.000000000000000000e+00
3.106683678778365265e-01,4.827610602989913791e-02,1.314554254634099813e-02,6.554569511899353829e-02,2.730326563047661970e-01,2.614216485762403397e-01,0.000000000000000000e+00,3.385783514237596936e-01,0.000000000000000000e+00
3.163198891530110690e-01,4.709053127049594306e-02,1.282354258127402571e-02,6.583842820384060157e-02,2.742474979443892957e-01,2.599140738517701221e-01,0.000000000000000000e+00,3.400859261482299112e-01,0.000000000000000000e+00
3.265237565450436752e-01,4.503911433221995109e-02,1.226628328344960515e-02,6.634495066550041842e-02,2.763496517188299140e-01,2.573053976156697287e-01,0.000000000000000000e+00,3.426946023843303046e-01,0.000000000000000000e+00
3.293286948545527948e-01,4.449441544984845259e-02,1.211829693857410795e-02,6.647944463046628893e-02,2.769078429811110409e-01,2.566127123884227035e-01,0.000000000000000000e+00,3.433872876115773298e-01,0.000000000000000000e+00
3.312423238758774868e-01,4.412740690417578382e-02,1.201858133474919751e-02,6.657006441672183583e-02,2.772839473443530212e-01,2.561459882389251486e-01,0.000000000000000000e+00,3.438540117610748847e-01,0.000000000000000000e+00
3.367276239370762814e-01,4.309564650793522300e-02,1.173823217041210579e-02,6.682482166292420811e-02,2.783412996587283361e-01,2.548338786783475030e-01,0.000000000000000000e+00,3.451661213216525304e-01,0.000000000000000000e+00
3.469314913291088875e-01,4.125315665094821116e-02,1.123751330330793191e-02,6.727976206444237495e-02,2.802295679813013307e-01,2.524906699542562860e-01,0.000000000000000000e+00,3.475093300457437473e-01,0.000000000000000000e+00
3.518162798739184471e-01,4.040487594091952961e-02,1.100694915815907463e-02,6.748921698761677079e-02,2.810989579133044702e-01,2.514118250990787784e-01,0.000000000000000000e+00,3.485881749009212549e-01,0.000000000000000000e+00
3.571353587211414937e-01,3.950489667415596484e-02,1.076230984689625046e-02,6.771143769298333670e-02,2.820213557859643227e-01,2.502672065210523877e-01,0.000000000000000000e+00,3.497327934789476456e-01,0.000000000000000000e+00
3.646543763639746305e-01,3.827326367857475375e-02,1.042747871145443747e-02,6.801555042300953813e-02,2.832837071869611090e-01,2.487007423900293446e-01,0.000000000000000000e+00,3.512992576099707165e-01,0.000000000000000000e+00
3.673392261131741554e-01,3.784464231907066351e-02,1.031094326683006795e-02,6.812138512359114384e-02,2.837230292905079665e-01,2.481555855859008675e-01,0.000000000000000000e+00,3.518444144140991381e-01,0.000000000000000000e+00
3.723902358719594075e-01,3.705370636830004200e-02,1.009588572347311711e-02,6.831668245980454524e-02,2.845337254484221479e-01,2.471495920917733125e-01,0.000000000000000000e+00,3.528504079082267486e-01,0.000000000000000000e+00
3.775430935052067616e-01,3.626702505903778295e-02,9.881966569427224831e-03,6.851092966161191622e-02,2.853400787099229508e-01,2.461489916284651525e-01,0.000000000000000000e+00,3.538510083715348808e-01,0.000000000000000000e+00
3.877469608972393678e-01,3.476686036573820027e-02,9.473982093096381882e-03,6.888135119369681592e-02,2.868778063474684559e-01,2.442408424588347338e-01,0.000000000000000000e+00,3.557591575411652718e-01,0.000000000000000000e+00
3.929641918700003123e-01,3.402814476025077528e-02,9.273056545698770900e-03,6.906375583470231172e-02,2.876350428593480446e-01,2.433012013059497047e-01,0.000000000000000000e+00,3.566987986940503008e-01,0.000000000000000000e+00
3.979508282892719739e-01,3.333928060446583741e-02,9.085675528390794314e-03,6.923385142295201966e-02,2.883411924441912078e-01,2.424249561328568059e-01,0.000000000000000000e+00,3.575750438671432274e-01,0.000000000000000000e+00
4.037692927430036050e-01,3.255611386095285525e-02,8.872625575709705906e-03,6.942723276877640903e-02,2.891440277945609427e-01,2.414287394366627371e-01,0.000000000000000000e+00,3.585712605633373240e-01,0.000000000000000000e+00
4.081546956813045801e-01,3.198007001818577166e-02,8.715908939279176648e-03,6.956947111302519415e-02,2.897345499295097548e-01,2.406959789574651121e-01,0.000000000000000000e+00,3.593040210425348935e-01,0.000000000000000000e+00
4.135381478680412726e-01,3.128912912372050492e-02,8.527920859894993350e-03,6.974008044909459081e-02,2.904428695672897631e-01,2.398170499836156655e-01,0.000000000000000000e+00,3.601829500163843956e-01,0.000000000000000000e+00
4.183585630733371863e-01,3.068521518847451210e-02,8.363599111108737869e-03,6.988920107195774334e-02,2.910619846284588919e-01,2.390488142995834120e-01,0.000000000000000000e+00,3.609511857004166213e-01,0.000000000000000000e+00
4.285624304653698480e-01,2.945079696750486919e-02,8.027686794401394516e-03,7.019400886726238908e-02,2.923275073708311855e-01,2.374784837619064171e-01,0.000000000000000000e+00,3.625215162380935885e-01,0.000000000000000000e+00
4.341121038660822329e-01,2.880357849805572149e-02,7.851546194275142027e-03,7.035382321647255799e-02,2.929910520911964689e-01,2.366551246923310203e-01,0.000000000000000000e+00,3.633448753076690130e-01,0.000000000000000000e+00
4.387662978574024542e-01,2.827344244047376096e-02,7.707260212608129518e-03,7.048472721648241235e-02,2.935345701304355459e-01,2.359807026530820473e-01,0.000000000000000000e+00,3.640192973469179583e-01,0.000000000000000000e+00
4.470798990204891132e-01,2.735422269686150348e-02,7.457058241470419964e-03,7.071170627023530553e-02,2.944770127914326241e-01,2.348112809383320898e-01,0.000000000000000000e+00,3.651887190616679435e-01,0.000000000000000000e+00
4.489701652494350603e-01,2.715004278206381919e-02,7.401479209318052345e-03,7.076212363240094727e-02,2.946863543762170412e-01,2.345515219913820171e-01,0.000000000000000000e+00,3.654484780086180162e-01,0.000000000000000000e+00
4.546860598641231932e-01,2.654316648533525114e-02,7.236276551174998690e-03,7.091197742846770680e-02,2.953085795350218756e-01,2.337794430365104092e-01,0.000000000000000000e+00,3.662205569634896518e-01,0.000000000000000000e+00
4.591740326414676665e-01,2.607755294741507038e-02,7.109520821366429114e-03,7.102694988209683202e-02,2.957859763491215710e-01,2.331870737687816719e-01,0.000000000000000000e+00,3.668129262312184169e-01,0.000000000000000000e+00
4.693779000335002727e-01,2.505306655224841597e-02,6.830598193198238882e-03,7.127992352992482128e-02,2.968364117246283795e-01,2.318836647454468325e-01,0.000000000000000000e+00,3.681163352545532286e-01,0.000000000000000000e+00
4.752600158621641535e-01,2.448331550099465057e-02,6.675466347625650179e-03,7.142061092171231307e-02,2.974206072296672887e-01,2.311587818486204593e-01,0.000000000000000000e+00,3.688412181513796018e-01,0.000000000000000000e+00
4.795817674255328789e-01,2.407407661340067381e-02,6.564032730550811712e-03,7.152166352955149908e-02,2.978402271264968815e-01,2.306381093439516528e-01,0.000000000000000000e+00,3.693618906560484083e-01,0.000000000000000000e+00
4.897856348175655405e-01,2.313822888393887722e-02,6.309187471808933891e-03,7.175275111868432976e-02,2.987998325255677434e-01,2.294474163557479740e-01,0.000000000000000000e+00,3.705525836442520871e-01,0.000000000000000000e+00
4.950362489189915616e-01,2.267271216372754652e-02,6.182410759849735378e-03,7.186770073764946198e-02,2.992771763387731543e-01,2.288551229235774309e-01,0.000000000000000000e+00,3.711448770764225746e-01,0.000000000000000000e+00
4.958339718602051138e-01,2.260292039122273680e-02,6.163403450024351575e-03,7.188493436845223850e-02,2.993487417903005765e-01,2.287663238412472599e-01,0.000000000000000000e+00,3.712336761587528011e-01,0.000000000000000000e+00
4.999895022095981467e-01,2.224322146390479357e-02,6.065439608330360638e-03,7.197375461095299742e-02,2.997175843168117249e-01,2.283086610722353249e-01,0.000000000000000000e+00,3.716913389277647362e-01,0.000000000000000000e+00
5.101933696016307529e-01,2.138685150682131594e-02,5.832191971479757341e-03,7.218521789013636336e-02,3.005957386315624702e-01,2.272190434783012414e-01,0.000000000000000000e+00,3.727809565216987919e-01,0.000000000000000000e+00
5.164079278582459631e-01,2.088340056711110795e-02,5.695057790269564962e-03,7.230953517384698659e-02,3.011120064687722309e-01,2.265784583573808297e-01,0.000000000000000000e+00,3.734215416426192036e-01,0.000000000000000000e+00
5.203972369936633591e-01,2.056720990271337923e-02,5.608927225188368483e-03,7.238761231294756071e-02,3.014362505591505759e-01,2.261761371279019106e-01,0.000000000000000000e+00,3.738238628720981227e-01,0.000000000000000000e+00
5.306011043856959652e-01,1.978248204848070957e-02,5.395153904991605714e-03,7.258138589659079987e-02,3.022409781499367787e-01,2.251776359534724825e-01,0.000000000000000000e+00,3.748223640465275786e-01,0.000000000000000000e+00
5.369818838562869789e-01,1.930871855522091687e-02,5.266083887777937497e-03,7.269837295713216241e-02,3.027268245998688267e-01,2.245748024429990164e-01,0.000000000000000000e+00,3.754251975570010447e-01,0.000000000000000000e+00
5.408049717777285714e-01,1.903089656681294928e-02,5.190392239239306586e-03,7.276697598592681004e-02,3.030117352080208271e-01,2.242212888060524101e-01,0.000000000000000000e+00,3.757787111939476232e-01,0.000000000000000000e+00
5.481366715003115342e-01,1.851036758491515430e-02,5.048569636984863440e-03,7.289551118320283796e-02,3.035455515948970451e-01,2.235589372219001780e-01,0.000000000000000000e+00,3.764410627780998553e-01,0.000000000000000000e+00
5.510088391697611776e-01,1.831075474282276710e-02,4.994181226381065250e-03,7.294480200564848471e-02,3.037502620251475438e-01,2.233049359692040048e-01,0.000000000000000000e+00,3.766950640307960563e-01,0.000000000000000000e+00
5.575558398543278837e-01,1.786456775297103061e-02,4.872604526001007505e-03,7.305498000391497104e-02,3.042078477171128448e-01,2.227371722789721897e-01,0.000000000000000000e+00,3.772628277210278713e-01,0.000000000000000000e+00
5.612127065617937838e-01,1.762057739192185793e-02,4.806119675641819591e-03,7.311522917258334031e-02,3.044580737598528430e-01,2.224266970675638500e-01,0.000000000000000000e+00,3.775733029324362389e-01,0.000000000000000000e+00
5.714165739538263900e-01,1.695894419113200616e-02,4.625822541119727072e-03,7.327860816632184027e-02,3.051366251014263065e-01,2.215847667322518866e-01,0.000000000000000000e+00,3.784152332677481745e-01,0.000000000000000000e+00
5.781297958523687885e-01,1.653855643837984918e-02,4.511258904281120231e-03,7.338241587672403310e-02,3.055677687806148679e-01,2.210498153426611323e-01,0.000000000000000000e+00,3.789501846573389843e-01,0.000000000000000000e+00
5.816204413458589961e-01,1.632448846545679275e-02,4.452919323579363452e-03,7.343527642027961044e-02,3.057873157906841333e-01,2.207774077890363174e-01,0.000000000000000000e+00,3.792225922109637715e-01,0.000000000000000000e+00
5.918243087378917133e-01,1.571584000825527669e-02,4.287037868635964859e-03,7.358557225513376321e-02,3.064115498679748639e-01,2.200028778768914062e-01,0.000000000000000000e+00,3.799971221231087104e-01,0.000000000000000000e+00
5.987037518504098044e-01,1.531946859197562405e-02,4.179004524315009864e-03,7.368344986416580644e-02,3.068180770195434448e-01,2.194984731162907821e-01,0.000000000000000000e+00,3.805015268837093068e-01,0.000000000000000000e+00
6.020281761299243195e-01,1.513184180314107279e-02,4.127864092566075650e-03,7.372978134915517123e-02,3.070105127551375768e-01,2.192597058957073131e-01,0.000000000000000000e+00,3.807402941042927758e-01,0.000000000000000000e+00
6.069329494547913706e-01,1.485957631423206159e-02,4.053652259079418112e-03,7.379701307278180300e-02,3.072897583539065947e-01,2.189132285733116356e-01,0.000000000000000000e+00,3.810867714266884532e-01,0.000000000000000000e+00
6.122320435219569257e-01,1.457139747318196218e-02,3.975100485759325633e-03,7.386817440559986792e-02,3.075853276354587051e-01,2.185464979589414602e-01,0.000000000000000000e+00,3.814535020410586563e-01,0.000000000000000000e+00
6.192777078484507092e-01,1.419758943927672094e-02,3.873204266233090144e-03,7.396048063328183875e-02,3.079687256612081980e-01,2.180707937055099688e-01,0.000000000000000000e+00,3.819292062944901200e-01,0.000000000000000000e+00
6.224359109139895319e-01,1.403341064144573123e-02,3.828449538605345048e-03,7.400102212772394217e-02,3.081371176922248489e-01,2.178618601800512422e-01,0.000000000000000000e+00,3.821381398199488744e-01,0.000000000000000000e+00
6.326397783060221380e-01,1.351684636846280443e-02,3.687630121939472743e-03,7.412858005527296623e-02,3.086669434543246049e-01,2.172044764904024206e-01,0.000000000000000000e+00,3.827955235095976683e-01,0.000000000000000000e+00
6.398516638464917250e-01,1.316410957427640964e-02,3.591466758440901852e-03,7.421568330722920492e-02,3.090287403600533445e-01,2.167555763327174700e-01,0.000000000000000000e+00,3.832444236672826188e-01,0.000000000000000000e+00
6.428436456980547442e-01,1.302068990094880190e-02,3.552366514633038385e-03,7.425109874636100227e-02,3.091758448380570456e-01,2.165730564155819993e-01,0.000000000000000000e+00,3.834269435844180896e-01,0.000000000000000000e+00
6.530475130900873504e-01,1.254408246261577882e-02,3.422425456418776678e-03,7.436879024398848625e-02,3.096647018369768078e-01,2.159665079190347114e-01,0.000000000000000000e+00,3.840334920809653774e-01,0.000000000000000000e+00
6.604256198445326298e-01,1.221116137762389212e-02,3.331654647674314219e-03,7.445100051074679537e-02,3.100061834639548652e-01,2.155428160252983449e-01,0.000000000000000000e+00,3.844571839747017439e-01,0.000000000000000000e+00
6.632513804821199566e-01,1.208617732937053262e-02,3.297576943759856268e-03,7.448186361559575031e-02,3.101343821112737542e-01,2.153837542731305288e-01,0.000000000000000000e+00,3.846162457268695323e-01,0.000000000000000000e+00
6.720360528435903591e-01,1.170629867644855035e-02,3.193997771758575951e-03,7.457566952779959291e-02,3.105240340239931451e-01,2.149002964482072953e-01,0.000000000000000000e+00,3.850997035517928491e-01,0.000000000000000000e+00
6.734552478741525627e-01,1.164613922604862753e-02,3.177594065704853182e-03,7.459052510207743458e-02,3.105857416061689746e-01,2.148237332917536380e-01,0.000000000000000000e+00,3.851762667082464509e-01,0.000000000000000000e+00
6.809995758425735346e-01,1.133180881731381609e-02,3.091883699747602007e-03,7.466814484556488773e-02,3.109081626373735863e-01,2.144236925170615871e-01,0.000000000000000000e+00,3.855763074829385295e-01,0.000000000000000000e+00
6.836591152661851689e-01,1.122316373619504717e-02,3.062258106688042943e-03,7.469497332910192411e-02,3.110196048280148284e-01,2.142854218428832391e-01,0.000000000000000000e+00,3.857145781571168497e-01,0.000000000000000000e+00
6.938629826582177751e-01,1.081650812217812251e-02,2.951367168306437676e-03,7.479539169187104930e-02,3.114367330176442406e-01,2.137678752904847157e-01,0.000000000000000000e+00,3.862321247095154009e-01,0.000000000000000000e+00
7.015735318406145504e-01,1.051963932361539913e-02,2.870410864921970305e-03,7.486869968651928275e-02,3.117412501249432477e-01,2.133900501885375167e-01,0.000000000000000000e+00,3.866099498114625721e-01,0.000000000000000000e+00
7.040668500502503813e-01,1.042550761528062905e-02,2.844740538822409116e-03,7.489194433368095982e-02,3.118378075122158477e-01,2.132702481541031980e-01,0.000000000000000000e+00,3.867297518458969185e-01,0.000000000000000000e+00
7.142707174422829874e-01,1.004949744678534582e-02,2.742197506498330727e-03,7.498479539782781922e-02,3.122235096488883976e-01,2.127916949532838442e-01,0.000000000000000000e+00,3.872083050467162724e-01,0.000000000000000000e+00
7.221474878386554552e-01,9.769085785290411092e-03,2.665722750026475966e-03,7.505403965370709141e-02,3.125111518109758846e-01,2.124348085353170434e-01,0.000000000000000000e+00,3.875651914646831009e-01,0.000000000000000000e+00
7.244745848343157046e-01,9.687834379959099976e-03,2.643563168580559484e-03,7.507410371189836285e-02,3.125944987395618546e-01,2.123313975485398020e-01,0.000000000000000000e+00,3.876686024514602869e-01,0.000000000000000000e+00
7.346784522263483108e-01,9.339886734926644216e-03,2.548665671161764491e-03,7.516002525209802831e-02,3.129514223418134455e-01,2.118885524060885595e-01,0.000000000000000000e+00,3.881114475939115294e-01,0.000000000000000000e+00
7.427214438366964711e-01,9.074927951792804287e-03,2.476399705647601337e-03,7.522545373315744910e-02,3.132232186094019988e-01,2.115513276574405577e-01,0.000000000000000000e+00,3.884486723425595867e-01,0.000000000000000000e+00
7.441224878749689298e-01,9.029590901241446588e-03,2.464034077674551182e-03,7.523664919377014149e-02,3.132697258273137164e-01,2.114936249789161615e-01,0.000000000000000000e+00,3.885063750210839828e-01,0.000000000000000000e+00
7.448823196183809170e-01,9.005103173513806167e-03,2.457355052649900975e-03,7.524269615567603930e-02,3.132948456181601227e-01,2.114624582261638575e-01,0.000000000000000000e+00,3.885375417738362591e-01,0.000000000000000000e+00
7.550861870104135232e-01,8.682955643377343602e-03,2.369487677498063709e-03,7.532224681022699209e-02,3.136253098688974728e-01,2.110524433208755546e-01,0.000000000000000000e+00,3.889475566791245620e-01,0.000000000000000000e+00
7.632953998347373759e-01,8.432595580824840675e-03,2.301198571500824488e-03,7.538407041739925152e-02,3.138821354302749334e-01,2.107337941523258207e-01,0.000000000000000000e+00,3.892662058476742959e-01,0.000000000000000000e+00
7.652900544024461293e-01,8.372916092174019498e-03,2.284919910159347901e-03,7.539880760334549681e-02,3.139433563943210270e-01,2.106578360023335095e-01,0.000000000000000000e+00,3.893421639976665793e-01,0.000000000000000000e+00
7.754939217944787355e-01,8.074485932689152642e-03,2.203516062225069263e-03,7.547250164848834375e-02,3.142494963565973243e-01,2.102780019949143930e-01,0.000000000000000000e+00,3.897219980050857790e-01,0.000000000000000000e+00
7.838693558327782807e-01,7.837856493841069416e-03,2.138967925172884782e-03,7.553093472823084464e-02,3.144922408527551227e-01,2.099768244190141075e-01,0.000000000000000000e+00,3.900231755809860368e-01,0.000000000000000000e+00
7.856977891865113417e-01,7.787170829174438688e-03,2.125141594228223147e-03,7.554345100967656268e-02,3.145442365669206541e-01,2.099123124234028304e-01,0.000000000000000000e+00,3.900876875765973417e-01,0.000000000000000000e+00
7.959016565785439479e-01,7.510545719353848605e-03,2.049680824634195469e-03,7.561176064539029684e-02,3.148280128106215603e-01,2.095602265439882039e-01,0.000000000000000000e+00,3.904397734560119404e-01,0.000000000000000000e+00
8.044433118308192965e-01,7.286894536297237879e-03,1.988669177306682558e-03,7.566698896986058520e-02,3.150574473165353995e-01,2.092755637136040903e-01,0.000000000000000000e+00,3.907244362863960818e-01,0.000000000000000000e+00
8.061055239705765540e-01,7.244186917844968113e-03,1.977018445646386638e-03,7.567753517413886022e-02,3.151012594623696650e-01,2.092212053634915081e-01,0.000000000000000000e+00,3.907787946365086085e-01,0.000000000000000000e+00
8.163093913626091602e-01,6.987678030952340288e-03,1.907041126180280145e-03,7.574087741408677688e-02,3.153644034287805265e-01,2.088947191571327855e-01,0.000000000000000000e+00,3.911052808428673866e-01,0.000000000000000000e+00
8.239413266866881802e-01,6.802018003338515181e-03,1.856390617179292778e-03,7.578672428227739566e-02,3.155548670972047054e-01,2.086584086205179878e-01,0.000000000000000000e+00,3.913415913794822121e-01,0.000000000000000000e+00
8.250172678288602013e-01,6.776259260885481375e-03,1.849363210578722563e-03,7.579308514533689145e-02,3.155812923831988193e-01,2.086256224714643781e-01,0.000000000000000000e+00,3.913743775285357662e-01,0.000000000000000000e+00
8.265132587546417664e-01,6.740612721825566325e-03,1.839638218432370059e-03,7.580188770132401110e-02,3.156178613584179615e-01,2.085802509402581162e-01,0.000000000000000000e+00,3.914197490597420837e-01,0.000000000000000000e+00
8.367171261466743726e-01,6.502619885135194587e-03,1.774708680506535945e-03,7.586065767206737198e-02,3.158620137622907831e-01,2.082773285656419060e-01,0.000000000000000000e+00,3.917226714343582383e-01,0.000000000000000000e+00
8.455912238269012171e-01,6.302751673717747923e-03,1.720179041801460579e-03,7.591001317442787333e-02,3.160670561100528131e-01,2.080229307155193885e-01,0.000000000000000000e+00,3.919770692844807836e-01,0.000000000000000000e+00
8.469209935387069788e-01,6.273356629178999597e-03,1.712159150536718064e-03,7.591727199580811103e-02,3.160972122244760651e-01,2.079855157797158849e-01,0.000000000000000000e+00,3.920144842202842872e-01,0.000000000000000000e+00
8.571248609307396960e-01,6.052480062254754142e-03,1.651896266656857105e-03,7.597181534203746589e-02,3.163238083290508262e-01,2.077043763289117828e-01,0.000000000000000000e+00,3.922956236710883893e-01,0.000000000000000000e+00
8.661651798249421219e-01,5.863537220417290585e-03,1.600344874311927183e-03,7.601847298764069505e-02,3.165176449176300144e-01,2.074638820947294071e-01,0.000000000000000000e+00,3.925361179052707650e-01,0.000000000000000000e+00
8.673287283227723021e-01,5.839665965621309435e-03,1.593831736654158877e-03,7.602436776967654020e-02,3.165421345280479137e-01,2.074334977022756488e-01,0.000000000000000000e+00,3.925665022977244956e-01,0.000000000000000000e+00
8.775325957148049083e-01,5.634572946445035209e-03,1.537872560095068872e-03,7.607501357916514328e-02,3.167525409142946669e-01,2.071724455065402926e-01,0.000000000000000000e+00,3.928275544934599073e-01,0.000000000000000000e+00
8.867391358229830267e-01,5.455914215709446909e-03,1.489124892372164751e-03,7.611913171076210849e-02,3.169358291811562034e-01,2.069450391080817908e-01,0.000000000000000000e+00,3.930549608919183813e-01,0.000000000000000000e+00
8.877364631068375145e-01,5.436915378087159301e-03,1.483940935649338388e-03,7.612382330038380829e-02,3.169553203858795909e-01,2.069208563137366896e-01,0.000000000000000000e+00,3.930791436862635102e-01,0.000000000000000000e+00
8.979403304988701207e-01,5.246420825866683971e-03,1.431962654169915234e-03,7.617086420573553063e-02,3.171507523142277907e-01,2.066783834800367814e-01,0.000000000000000000e+00,3.933216165199633907e-01,0.000000000000000000e+00
9.073130918210240425e-01,5.077520172432174739e-03,1.385875568027857777e-03,7.621257271380509069e-02,3.173240315457347971e-01,2.064633957404602149e-01,0.000000000000000000e+00,3.935366042595399572e-01,0.000000000000000000e+00
9.081441978909027268e-01,5.062816855102611480e-03,1.381863506509746790e-03,7.621620356762330573e-02,3.173391160707642600e-01,2.064446803616125370e-01,0.000000000000000000e+00,3.935553196383876351e-01,0.000000000000000000e+00
9.123219911831100815e-01,4.989568483728729596e-03,1.361876291745632139e-03,7.623429160546879579e-02,3.174142636190567801e-01,2.063514447754745407e-01,0.000000000000000000e+00,3.936485552245256314e-01,0.000000000000000000e+00
9.183480652829353330e-01,4.885832194189876528e-03,1.333569599908488931e-03,7.625990837125906641e-02,3.175206898346424889e-01,2.062194017940985613e-01,0.000000000000000000e+00,3.937805982059016663e-01,0.000000000000000000e+00
9.278870478190649473e-01,4.726145322620285694e-03,1.289994946505345491e-03,7.629934165628894649e-02,3.176845180745853092e-01,2.060161402691258192e-01,0.000000000000000000e+00,3.939838597308743529e-01,0.000000000000000000e+00
9.285519326749679392e-01,4.715216338555382886e-03,1.287012665532059289e-03,7.630204047454232363e-02,3.176957305213701233e-01,2.060022290040876281e-01,0.000000000000000000e+00,3.939977709959125440e-01,0.000000000000000000e+00
9.387558000670005454e-01,4.550708779953999486e-03,1.242121714447243881e-03,7.634266420555389787e-02,3.178645053000447862e-01,2.057928304944014464e-01,0.000000000000000000e+00,3.942071695055987535e-01,0.000000000000000000e+00
9.484610038171059632e-01,4.399712860226332074e-03,1.200917112760701948e-03,7.637995136942282715e-02,3.180194186575900361e-01,2.056006299729872255e-01,0.000000000000000000e+00,3.943993700270129743e-01,0.000000000000000000e+00
9.489596674590331515e-01,4.392095141280710595e-03,1.198838329265597457e-03,7.638183250102799360e-02,3.180272340284255872e-01,2.055909334705464941e-01,0.000000000000000000e+00,3.944090665294536779e-01,0.000000000000000000e+00
9.591635348510657577e-01,4.239161045430499611e-03,1.157104092598674767e-03,7.641959829769878754e-02,3.181841365642719688e-01,2.053962651380293603e-01,0.000000000000000000e+00,3.946037348619708118e-01,0.000000000000000000e+00
9.690349598151468680e-01,4.096412747690725970e-03,1.118148833038086227e-03,7.645484881088679407e-02,3.183305896083842845e-01,2.052145615807290102e-01,0.000000000000000000e+00,3.947854384192712174e-01,0.000000000000000000e+00
9.693674022430983639e-01,4.091692115298351667e-03,1.116860587058030561e-03,7.645601453230048417e-02,3.183354327653430405e-01,2.052085527023565781e-01,0.000000000000000000e+00,3.947914472976436495e-01,0.000000000000000000e+00
9.795712696351310811e-01,3.949481086953757041e-03,1.078051329677516849e-03,7.649113238516941360e-02,3.184813351981992113e-01,2.050275324166314639e-01,0.000000000000000000e+00,3.949724675833687360e-01,0.000000000000000000e+00
9.896089158131878838e-01,3.814516995820170248e-03,1.041219195298855342e-03,7.652446067867238466e-02,3.186198031302084899e-01,2.048557361911192143e-01,0.000000000000000000e+00,3.951442638088809578e-01,0.000000000000000000e+00
9.897751370271636873e-01,3.812322106936703783e-03,1.040620198562188523e-03,7.652500268887706125e-02,3.186220550056239609e-01,2.048529423054990806e-01,0.000000000000000000e+00,3.951470576945010915e-01,0.000000000000000000e+00
9.999790044191962934e-01,3.680027175060126329e-03,1.004515947077432416e-03,7.655767186722878259e-02,3.187577850106335653e-01,2.046845431221377409e-01,0.000000000000000000e+00,3.953154568778624589e-01,0.000000000000000000e+00
1.010182871811228900e+00,3.552426290589545503e-03,9.696922352300857070e-04,7.658918189932001352e-02,3.188886995748602682e-01,2.045221185258198071e-01,0.000000000000000000e+00,3.954778814741803372e-01,0.000000000000000000e+00
