# t,AcOH(aq),AcO-(aq),H+(aq),AcOH(g),AcO-(g)
0.000000000000000000e+00,1.000000000000000056e-01,0.000000000000000000e+00,0.000000000000000000e+00,0.000000000000000000e+00,0.000000000000000000e+00
3.042487508941846183e-05,9.999695135922322120e-02,3.042435644302032890e-06,3.042435644302032890e-06,6.205132491464914720e-09,1.954098372525339868e-62
3.187034282529936966e-05,9.999680681777552149e-02,3.186977100956463763e-06,3.186977100956463763e-06,6.205123531858527578e-09,2.046934592657010188e-62
3.338448387436011269e-05,9.999665540955442189e-02,3.338385331432481816e-06,3.338385331432481816e-06,6.205114150751968356e-09,2.144181210613987824e-62
3.497056086490155194e-05,9.999649680835294430e-02,3.496986542751631022e-06,3.496986542751631022e-06,6.205104309079902164e-09,2.246047742943021737e-62
3.663199143075637559e-05,9.999633067248125950e-02,3.663122424750050798e-06,3.663122424750050798e-06,6.205093999858281789e-09,2.352753650507304993e-62
3.837235557550976211e-05,9.999615664401413639e-02,3.837150902679055582e-06,3.837150902679055582e-06,6.205083200876651004e-09,2.464528821867468826e-62
4.019540338658984829e-05,9.999597434802649787e-02,4.019446901630837731e-06,4.019446901630837731e-06,6.205071888869647664e-09,2.581614064257626635e-62
4.210506311585004118e-05,9.999578339178638586e-02,4.210403153580853120e-06,4.210403153580853120e-06,6.205060039466927018e-09,2.704261621933301682e-62
4.410544964405497973e-05,9.999558336390969304e-02,4.410431042694149326e-06,4.410431042694149326e-06,6.205047627140702748e-09,2.832735719095558303e-62
4.620087334750921172e-05,9.999537383347467667e-02,4.619961490703125951e-06,4.619961490703125951e-06,6.205034625150809761e-09,2.967313128552242785e-62
4.839584938593413920e-05,9.999515434909475586e-02,4.839445884248641220e-06,4.839445884248641220e-06,6.205021005487155586e-09,3.108283767331488614e-62
5.069510743160643212e-05,9.999492443794710805e-02,5.069357046164634774e-06,5.069357046164634774e-06,6.205006738809447852e-09,3.255951320519296617e-62
5.310360186072207744e-05,9.999468360475544104e-02,5.310190252778650495e-06,5.310190252778650495e-06,6.204991794384068833e-09,3.410633894652255908e-62
5.562652242894605676e-05,9.999443133072447032e-02,5.562464299396964411e-06,5.562464299396964411e-06,6.204976140017955590e-09,3.572664702058314238e-62
5.826930545415105490e-05,9.999416707242402003e-02,5.826722616243612955e-06,5.826722616243612955e-06,6.204959741989353372e-09,3.742392777603125238e-62
6.084975017883692365e-05,9.999390904860734619e-02,6.084746448930122102e-06,6.084746448930122102e-06,6.204943730827091845e-09,3.908116562909725603e-62
6.103764553044140290e-05,9.999389026062022179e-02,6.103534437227673532e-06,6.103534437227673532e-06,6.204942564975285115e-09,3.920183729366976979e-62
6.393750779870339008e-05,9.999360029905141056e-02,6.393496024022750292e-06,6.393496024022750292e-06,6.204924571975596404e-09,4.106420524847695806e-62
6.697514080012211923e-05,9.999329656314623338e-02,6.697231948057024239e-06,6.697231948057024239e-06,6.204905724233400557e-09,4.301504314358390766e-62
7.015708994036124249e-05,9.999297839868090398e-02,7.015396433131489025e-06,7.015396433131489025e-06,6.204885981151763333e-09,4.505855293365543001e-62
7.349021159341798776e-05,9.999264512037320252e-02,7.348674761508401746e-06,7.348674761508401746e-06,6.204865300206453578e-09,4.719913605592783289e-62
7.698168787554386585e-05,9.999229601040993121e-02,7.697784746441544462e-06,7.697784746441544462e-06,6.204843636854563759e-09,4.944140288798995906e-62
8.063904212106561258e-05,9.999193031690481459e-02,8.063478274254873621e-06,8.063478274254873621e-06,6.204820944438819222e-09,5.179018265226009432e-62
8.447015509345317218e-05,9.999154725228362461e-02,8.446542919216625165e-06,8.446542919216625165e-06,6.204797174087373539e-09,5.425053378801428932e-62
8.848328196656572351e-05,9.999114599159313055e-02,8.847803634602066430e-06,8.847803634602066430e-06,6.204772274608867409e-09,5.682775481275983745e-62
9.127462526825537870e-05,9.999086689534049388e-02,9.126899904568245913e-06,9.126899904568245913e-06,6.204754955812556421e-09,5.862033691039667373e-62
9.268707011266749142e-05,9.999072567073033491e-02,9.268124523490121593e-06,9.268124523490121593e-06,6.204746192382551777e-09,5.952739569572410884e-62
9.709057773553982204e-05,9.999028538458813731e-02,9.708410692996491395e-06,9.708410692996491395e-06,6.204718871243226183e-09,6.235526976724021806e-62
1.017032933888433019e-04,9.998982418511394299e-02,1.016961019581027239e-05,1.016961019581027239e-05,6.204690252360761559e-09,6.531746618886626555e-62
1.065351564217841311e-04,9.998934107927666404e-02,1.065271606307012164e-05,1.065271606307012164e-05,6.204660274113958498e-09,6.842036301016118434e-62
1.115965783961432974e-04,9.998883502693835246e-02,1.115876843279238709e-05,1.115876843279238709e-05,6.204628871958476285e-09,7.167064083917251197e-62
1.168984655208149076e-04,9.998830493862578828e-02,1.168885677824492268e-05,1.168885677824492268e-05,6.204595978288560561e-09,7.507529715485634005e-62
1.216995003576738473e-04,9.998782493173462294e-02,1.216886369919367006e-05,1.216886369919367006e-05,6.204566192325632349e-09,7.815829003519392390e-62
1.224522421521966769e-04,9.998774967319763729e-02,1.224412224084854025e-05,1.224412224084854025e-05,6.204561522292289195e-09,7.864166129085823938e-62
1.282698754110703221e-04,9.998716803540219633e-02,1.282576007238139701e-05,1.282576007238139701e-05,6.204525429800033624e-09,8.237741012132615071e-62
1.343639009690142123e-04,9.998655877332092434e-02,1.343502219146098904e-05,1.343502219146098904e-05,6.204487623125833739e-09,8.629058448070656010e-62
1.407474500599143440e-04,9.998592057569251346e-02,1.407321985948340460e-05,1.407321985948340460e-05,6.204448020901363703e-09,9.038960635079172391e-62
1.474342777747756456e-04,9.998525206911205998e-02,1.474172648140915890e-05,1.474172648140915890e-05,6.204406537902153722e-09,9.468329684963289868e-62
1.521243754470923159e-04,9.998478319008836934e-02,1.521060553419760481e-05,1.521060553419760481e-05,6.204377442436099227e-09,9.769481755568653386e-62
1.544387927008027725e-04,9.998455181509992296e-02,1.544198053699958383e-05,1.544198053699958383e-05,6.204363084865719488e-09,9.918089505831227664e-62
1.617760879686163907e-04,9.998381830703412243e-02,1.617548864832652768e-05,1.617548864832652768e-05,6.204317568301241992e-09,1.038920777229728482e-61
1.694619737745040749e-04,9.998304996694051816e-02,1.694382878960014785e-05,1.694382878960014785e-05,6.204269890290422954e-09,1.088269798709297418e-61
1.775130114477839840e-04,9.998224514213448211e-02,1.774865364558426669e-05,1.774865364558426669e-05,6.204219948279123827e-09,1.139962163811314229e-61
1.825492505365107574e-04,9.998174170270032746e-02,1.825209311097126887e-05,1.825209311097126887e-05,6.204188708213735829e-09,1.172297120240720137e-61
1.859465491366887695e-04,9.998140210170727848e-02,1.859169412509494560e-05,1.859169412509494560e-05,6.204167634859390464e-09,1.194109045506908200e-61
1.947807591896647222e-04,9.998051903285086472e-02,1.947476303630434448e-05,1.947476303630434448e-05,6.204112837541450711e-09,1.250826877006607113e-61
2.040346773126341115e-04,9.997959403701377201e-02,2.039975893079688839e-05,2.039975893079688839e-05,6.204055438515244851e-09,1.310237598656733259e-61
2.129741256259292260e-04,9.997870050186911939e-02,2.129329413090589793e-05,2.129329413090589793e-05,6.203999991728320930e-09,1.367627659925479598e-61
2.137282435865958511e-04,9.997862512588115425e-02,2.136867012354672695e-05,2.136867012354672695e-05,6.203995314401058780e-09,1.372468916134884815e-61
2.238823454339479479e-04,9.997761021717146979e-02,2.238357889620179710e-05,2.238357889620179710e-05,6.203932335988793361e-09,1.437654570418853459e-61
2.345188626261144401e-04,9.997654713024237139e-02,2.344666589126847509e-05,2.344666589126847509e-05,6.203866367965408417e-09,1.505934620016721915e-61
2.433990007153476946e-04,9.997565961989332561e-02,2.433417629539269376e-05,2.433417629539269376e-05,6.203811295049634128e-09,1.562937720133118650e-61
2.456607144294578973e-04,9.997543358149775516e-02,2.456021470498786054e-05,2.456021470498786054e-05,6.203797268630054963e-09,1.577455735958543474e-61
2.573319089910663026e-04,9.997426717958823872e-02,2.572661668687765748e-05,2.572661668687765748e-05,6.203724889596414262e-09,1.652371510061764581e-61
2.695575950708292224e-04,9.997304542039685271e-02,2.694837595407710456e-05,2.694837595407710456e-05,6.203649075481726715e-09,1.730842776993029440e-61
2.738238758047661361e-04,9.997261908907156824e-02,2.737470730582287171e-05,2.737470730582287171e-05,6.203622620247453371e-09,1.758225226385613257e-61
2.823641162312742888e-04,9.997176568180157763e-02,2.822811462877201813e-05,2.822811462877201813e-05,6.203569663582019252e-09,1.813037950658000923e-61
2.957790676019303759e-04,9.997042521820644068e-02,2.956857830708675003e-05,2.956857830708675003e-05,6.203486483533002634e-09,1.899133375457859930e-61
3.042487508941846318e-04,9.996957894170245551e-02,3.041485486358767423e-05,3.041485486358767423e-05,6.203433969391558258e-09,1.953488104204938520e-61
3.098313553405322761e-04,9.996902115483274898e-02,3.097264176790310328e-05,3.097264176790310328e-05,6.203399356956127490e-09,1.989313692955848503e-61
3.245512589191916052e-04,9.996755045384683735e-02,3.244334284507481353e-05,3.244334284507481353e-05,6.203308095240664113e-09,2.083774017424989354e-61
3.346736259836030733e-04,9.996653915806404112e-02,3.345463869063582888e-05,3.345463869063582888e-05,6.203245341069374940e-09,2.148727620294238375e-61
3.399704963697467775e-04,9.996600998370257229e-02,3.398381308494117581e-05,3.398381308494117581e-05,6.203212504090056677e-09,2.182715482112475457e-61
3.561222926288807656e-04,9.996439645554081044e-02,3.559734134681928451e-05,3.559734134681928451e-05,6.203112379452236811e-09,2.286349324177949298e-61
3.650985010730215148e-04,9.996349981114135974e-02,3.649398580190940037e-05,3.649398580190940037e-05,6.203056739768538565e-09,2.343939086962476803e-61
3.730414511302748552e-04,9.996270641595067508e-02,3.728738104183137211e-05,3.728738104183137211e-05,6.203007507031734273e-09,2.394897349629576098e-61
3.907644287980630167e-04,9.996093624990461113e-02,3.905754719773796985e-05,3.905754719773796985e-05,6.202897662504226100e-09,2.508591744803875775e-61
3.955233761624400105e-04,9.996046095733529535e-02,3.953283979655424445e-05,3.953283979655424445e-05,6.202868169063064122e-09,2.539118881690391537e-61
4.093294146031807774e-04,9.995908217343042745e-02,4.091162378697299127e-05,4.091162378697299127e-05,6.202782611061808121e-09,2.627675547031438360e-61
4.259482512518584520e-04,9.995742262780263343e-02,4.257116951775395610e-05,4.257116951775395610e-05,6.202679630886339055e-09,2.734265003335104112e-61
4.287764118518793311e-04,9.995714022598584103e-02,4.285357135207184642e-05,4.285357135207184642e-05,6.202662106939807122e-09,2.752403134403619921e-61
4.491473243837185636e-04,9.995510626252893105e-02,4.488753493519121460e-05,4.488753493519121460e-05,6.202535892924731623e-09,2.883040735070475337e-61
4.563731263412769477e-04,9.995438485370018722e-02,4.560894380869217094e-05,4.560894380869217094e-05,6.202491127171749979e-09,2.929375450753737097e-61
4.704860468647743712e-04,9.995297594527867424e-02,4.701785231764223202e-05,4.701785231764223202e-05,6.202403699842972526e-09,3.019866956450253723e-61
4.867980014306953892e-04,9.995134766618479771e-02,4.864613151255248397e-05,4.864613151255248397e-05,6.202302659852682685e-09,3.124448222803413755e-61
4.928385593706255570e-04,9.995074473516038505e-02,4.924906257438315700e-05,4.924906257438315700e-05,6.202265246029973184e-09,3.163173334668141437e-61
5.162530264629170817e-04,9.994840788293256340e-02,5.158591494720764621e-05,5.158591494720764621e-05,6.202120236779614149e-09,3.313264904464217918e-61
5.172228765201138849e-04,9.994831109641326428e-02,5.168270147251851048e-05,5.168270147251851048e-05,6.202114230862524617e-09,3.319481318341255962e-61
5.407799009729969677e-04,9.994596041999276315e-02,5.403337803888664213e-05,5.403337803888664213e-05,6.201968363773681885e-09,3.470460789715652587e-61
5.476477516095322722e-04,9.994527517554240015e-02,5.471862253177386579e-05,5.471862253177386579e-05,6.201925842134661563e-09,3.514472736224386290e-61
5.664720327162494620e-04,9.994339714886198156e-02,5.659664932872392575e-05,5.659664932872392575e-05,6.201809304491395816e-09,3.635094814602678501e-61
5.780726266989507679e-04,9.994223993472901857e-02,5.775386353350217197e-05,5.775386353350217197e-05,6.201737495602480967e-09,3.709420475309928691e-61
5.933847823713826004e-04,9.994071263334947108e-02,5.928116500782262214e-05,5.928116500782262214e-05,6.201642721599095446e-09,3.807516135309002299e-61
6.084975017883692636e-04,9.993920540512993278e-02,6.078839332088703756e-05,6.078839332088703756e-05,6.201549193199368619e-09,3.904322534455005734e-61
6.215761407700521766e-04,9.993790118840198411e-02,6.209261012976890657e-05,6.209261012976890657e-05,6.201468262320351419e-09,3.988089891980851298e-61
6.389223768777876509e-04,9.993617161790196990e-02,6.382218073711207109e-05,6.382218073711207109e-05,6.201360936858711961e-09,4.099176912516737225e-61
6.511068538538657960e-04,9.993495686964509739e-02,6.503692906935284188e-05,6.503692906935284188e-05,6.201285557786964574e-09,4.177197880470659887e-61
6.693472519672061466e-04,9.993313860420192929e-02,6.685519462536088108e-05,6.685519462536088108e-05,6.201172728513897612e-09,4.293981608352249189e-61
6.820405535680189747e-04,9.993187346262751014e-02,6.812033627828550974e-05,6.812033627828550974e-05,6.201094222371532935e-09,4.375239243156261467e-61
6.997721270566246423e-04,9.993010639518662419e-02,6.988740382881709640e-05,6.988740382881709640e-05,6.200984570098311360e-09,4.488734620818662815e-61
7.144438949736113239e-04,9.992864447178360920e-02,7.134932732254521855e-05,7.134932732254521855e-05,6.200893853002544508e-09,4.582631177848583109e-61
7.301970021460430296e-04,9.992707502201288172e-02,7.291877719066431880e-05,7.291877719066431880e-05,6.200796463545340648e-09,4.683433948773100671e-61
7.483866998740860673e-04,9.992526310913509013e-02,7.473069018088909538e-05,7.473069018088909538e-05,6.200684028463259823e-09,4.799809663473485757e-61
7.606218772354615253e-04,9.992404451583751512e-02,7.594928355408616359e-05,7.594928355408616359e-05,6.200608410788372094e-09,4.878077591072685329e-61
7.839421072652766678e-04,9.992172228275762735e-02,7.827151677807948622e-05,7.827151677807948622e-05,6.200464308676032784e-09,5.027230200828895446e-61
7.910467523248800210e-04,9.992101490781733764e-02,7.897889176226627317e-05,7.897889176226627317e-05,6.200420413760791487e-09,5.072663546574540740e-61
8.211867309332488308e-04,9.991801458504642741e-02,8.197921471935721237e-05,8.197921471935721237e-05,6.200234233974141924e-09,5.265368566267631326e-61
8.214716274142985167e-04,9.991798622910914862e-02,8.200757065838820865e-05,8.200757065838820865e-05,6.200232474395986270e-09,5.267189814135787400e-61
8.518965025037169040e-04,9.991495851086978908e-02,8.503528908563559889e-05,8.503528908563559889e-05,6.200044594627342232e-09,5.461654392613549954e-61
8.602008245395150994e-04,9.991413228082220155e-02,8.586151918448638794e-05,8.586151918448638794e-05,6.199993324363716993e-09,5.514721575629221240e-61
8.823213775931353997e-04,9.991193178425604449e-02,8.806201588719208629e-05,8.806201588719208629e-05,6.199856776388246818e-09,5.656055280864950279e-61
9.010684545493575582e-04,9.991006729532882213e-02,8.992650493011767514e-05,8.992650493011767514e-05,6.199741078778943886e-09,5.775807855128786685e-61
9.127462526825538955e-04,9.990890608042475585e-02,9.108771990624125905e-05,9.108771990624125905e-05,6.199669021612086644e-09,5.850390477747110254e-61
9.431711277719722827e-04,9.990588143053270864e-02,9.411236998596670539e-05,9.411236998596670539e-05,6.199481332232247498e-09,6.044657982117151760e-61
9.438776813758683552e-04,9.990581120218498812e-02,9.418259833804862292e-05,9.418259833804862292e-05,6.199476974334425712e-09,6.049168615193825191e-61
9.735960028613907784e-04,9.990285786573675775e-02,9.713593496955212191e-05,9.713593496955212191e-05,6.199293710182115999e-09,6.238855792832200820e-61
9.887207491300366562e-04,9.990135521136557506e-02,9.863858943396668273e-05,9.863858943396668273e-05,6.199200465579363670e-09,6.335368422405143666e-61
1.004020877950809274e-03,9.989983541719367477e-02,1.001583837001810426e-04,1.001583837001810426e-04,6.199106157395080416e-09,6.432981908749377932e-61
1.034445753040227770e-03,9.989681411606030070e-02,1.031796850210371370e-04,1.031796850210371370e-04,6.198918675804525712e-09,6.627034328725805665e-61
1.035694284385749956e-03,9.989669015730287538e-02,1.033036437861562309e-04,1.033036437861562309e-04,6.198910983759198262e-09,6.634995963728115495e-61
1.064870628129646266e-03,9.989379399349344879e-02,1.061998077753039662e-04,1.061998077753039662e-04,6.198731267343839330e-09,6.821011051618605899e-61
1.084899504388002131e-03,9.989180648721596167e-02,1.081873141761155292e-04,1.081873141761155292e-04,6.198607936091395298e-09,6.948664796094130639e-61
1.095295503219064544e-03,9.989077508064991839e-02,1.092187208061651455e-04,1.092187208061651455e-04,6.198543933946407060e-09,7.014910076284901894e-61
1.125720378308483040e-03,9.988775740868653663e-02,1.122363929568043173e-04,1.122363929568043173e-04,6.198356677545616346e-09,7.208729401581818293e-61
1.136442435152948708e-03,9.988669424979661204e-02,1.132995519126895961e-04,1.132995519126895961e-04,6.198290705063351533e-09,7.277014073085781069e-61
1.156145253397901536e-03,9.988474100876010286e-02,1.152527930704050970e-04,1.152527930704050970e-04,6.198169500074852976e-09,7.402467026366474212e-61
1.186570128487320032e-03,9.988172591202745809e-02,1.182678899901510997e-04,1.182678899901510997e-04,6.197982403467504395e-09,7.596120949495998438e-61
1.190434139929769358e-03,9.988134308440360654e-02,1.186507176377592330e-04,1.186507176377592330e-04,6.197958647761853940e-09,7.620709238965644682e-61
1.216995003576738527e-03,9.987871214964540167e-02,1.212816525592259409e-04,1.212816525592259409e-04,6.197795389656957219e-09,7.789689169827505942e-61
1.246990958516613207e-03,9.987574221094468185e-02,1.242515914442347065e-04,1.242515914442347065e-04,6.197611095245209919e-09,7.980442678535714005e-61
1.247419878666157023e-03,9.987569975277073298e-02,1.242940496208131817e-04,1.242940496208131817e-04,6.197608460576597237e-09,7.983169686218122748e-61
1.277844753755575302e-03,9.987268875256029299e-02,1.273050500180964914e-04,1.273050500180964914e-04,6.197421618159811893e-09,8.176560497524970735e-61
1.306234757946306497e-03,9.986988042065712834e-02,1.301133820955326830e-04,1.301133820955326830e-04,6.197247351971126174e-09,8.356934309286819623e-61
1.308269628844993798e-03,9.986967918017089496e-02,1.303146225942594584e-04,1.303146225942594584e-04,6.197234864339987804e-09,8.369859602605174546e-61
1.338694503934412293e-03,9.986667106675932437e-02,1.333227361924857251e-04,1.333227361924857251e-04,6.197048201050510758e-09,8.563065000315856060e-61
1.368293195081986616e-03,9.986374606803410936e-02,1.362477350992058022e-04,1.362477350992058022e-04,6.196866695295701958e-09,8.750932099952447767e-61
1.369119379023830789e-03,9.986366444348242222e-02,1.363293596559588797e-04,1.363293596559588797e-04,6.196861630224768200e-09,8.756174689514137155e-61
1.399544254113249285e-03,9.986065934149700174e-02,1.393344618278625103e-04,1.393344618278625103e-04,6.196675153796145919e-09,8.949186669057139712e-61
1.429969129202667780e-03,9.985765579195986230e-02,1.423380115513803135e-04,1.423380115513803135e-04,6.196488773698032186e-09,9.142098937801989753e-61
1.433299991688500707e-03,9.985732706418642968e-02,1.426667393452080818e-04,1.426667393452080818e-04,6.196468375061473277e-09,9.163212496871867580e-61
1.460394004292086059e-03,9.985465382602783102e-02,1.453399776696957964e-04,1.453399776696957964e-04,6.196302491863811135e-09,9.334909494605805014e-61
1.490818879381504555e-03,9.985165347485770726e-02,1.483403290259926283e-04,1.483403290259926283e-04,6.196116310226871866e-09,9.527616338325711518e-61
1.501395222572280254e-03,9.985061087197784346e-02,1.493829319705542650e-04,1.493829319705542650e-04,6.196051613295528359e-09,9.594580736437915745e-61
1.521243754470923051e-03,9.984865476960633202e-02,1.513390344634544518e-04,1.513390344634544518e-04,6.195930230720599339e-09,9.720217467818831145e-61
1.551668629560341546e-03,9.984565774143049077e-02,1.543360628252648007e-04,1.543360628252648007e-04,6.195744255278380171e-09,9.912710881942285774e-61
1.572725617410573483e-03,9.984358450332853074e-02,1.564093010558809213e-04,1.564093010558809213e-04,6.195615604042150823e-09,1.004587101829198116e-60
1.582093504649760042e-03,9.984266242148702453e-02,1.573313829546073989e-04,1.573313829546073989e-04,6.195558385833602634e-09,1.010509457955320143e-60
1.612518379739178538e-03,9.983966884093271876e-02,1.603249636946657260e-04,1.603249636946657260e-04,6.195372624319651690e-09,1.029736655950869722e-60
1.642943254828597033e-03,9.983667703092441448e-02,1.633167738886235059e-04,1.633167738886235059e-04,6.195186972669913954e-09,1.048952482066589504e-60
1.647444876920402040e-03,9.983623451914598601e-02,1.637592856945071433e-04,1.637592856945071433e-04,6.195159513358501793e-09,1.051794650975962814e-60
1.673368129918015312e-03,9.983368702261891103e-02,1.663067823796642996e-04,1.663067823796642996e-04,6.195001432817776871e-09,1.068156736188191814e-60
1.703793005007433808e-03,9.983069884717303555e-02,1.692949580109717224e-04,1.692949580109717224e-04,6.194816006696627058e-09,1.087349218201389254e-60
1.725714004048517968e-03,9.982854703241780814e-02,1.714467728997195247e-04,1.714467728997195247e-04,6.194682479506509258e-09,1.101169914721142662e-60
1.734217880096852304e-03,9.982771253574358739e-02,1.722812696257294167e-04,1.722812696257294167e-04,6.194630696239851130e-09,1.106529727991893875e-60
1.764642755186270799e-03,9.982472800903914589e-02,1.752657965153669789e-04,1.752657965153669789e-04,6.194445496527319247e-09,1.125698774833431613e-60
1.795067630275689295e-03,9.982174537275942394e-02,1.782484329801724591e-04,1.782484329801724591e-04,6.194260414117987196e-09,1.144855679836916715e-60
1.807701650895999958e-03,9.982050740351657014e-02,1.794864022998525249e-04,1.794864022998525249e-04,6.194183594046037203e-09,1.152806920604667073e-60
1.825492505365107791e-03,9.981876471364434233e-02,1.812290922802169786e-04,1.812290922802169786e-04,6.194075454394286963e-09,1.163999885888334285e-60
1.855917380454526070e-03,9.981578605895306822e-02,1.842077471563268864e-04,1.842077471563268864e-04,6.193890619047749133e-09,1.183131217907211957e-60
1.886342255543944565e-03,9.981280943594478261e-02,1.871843703493285586e-04,1.871843703493285586e-04,6.193705909769906774e-09,1.202249500813078193e-60
1.893584482125029375e-03,9.981210119379535506e-02,1.878926125427053022e-04,1.878926125427053022e-04,6.193661961007393838e-09,1.206798405306828809e-60
1.916767130633363061e-03,9.980983487187863878e-02,1.901589346000483714e-04,1.901589346000483714e-04,6.193521328252291299e-09,1.221354559525460903e-60
1.947192005722781557e-03,9.980686239401383164e-02,1.931314126493126739e-04,1.931314126493126739e-04,6.193336876186434949e-09,1.240446218963888273e-60
1.977616880812199836e-03,9.980389202960951445e-02,1.961017772379477879e-04,1.961017772379477879e-04,6.193152555263869136e-09,1.259524304047888074e-60
1.983547555630906737e-03,9.980331326943744918e-02,1.966805374459287923e-04,1.966805374459287923e-04,6.193116641283060255e-09,1.263241570451258554e-60
2.008041755901618548e-03,9.980092380592486823e-02,1.990700011067801710e-04,1.990700011067801710e-04,6.192968367176125273e-09,1.278588639696988769e-60
2.038466630991036827e-03,9.979795775021906012e-02,2.020360569966360908e-04,2.020360569966360908e-04,6.192784313614737256e-09,1.297639050830718128e-60
2.068891506080455540e-03,9.979499388975127117e-02,2.049999176483419778e-04,2.049999176483419778e-04,6.192600396271234843e-09,1.316675362368604477e-60
2.077784721299570474e-03,9.979412796952524811e-02,2.058658379280992024e-04,2.058658379280992024e-04,6.192546663056881206e-09,1.322237003130272785e-60
2.099316381169873819e-03,9.979203225178066849e-02,2.079615558027240996e-04,2.079615558027240996e-04,6.192416616837151102e-09,1.335697399230175586e-60
2.129741256259292531e-03,9.978907286356643314e-02,2.109209442006089680e-04,2.109209442006089680e-04,6.192232977004017445e-09,1.354704986334960057e-60
2.160166131348710810e-03,9.978611575236771836e-02,2.138780555828227964e-04,2.138780555828227964e-04,6.192049478463366113e-09,1.373697948602485107e-60
2.176499038709846234e-03,9.978452924276647040e-02,2.154645652825215119e-04,2.154645652825215119e-04,6.191951030288202694e-09,1.383887797738597815e-60
2.190591006438129089e-03,9.978316094544370518e-02,2.168328626901919881e-04,2.168328626901919881e-04,6.191866122906729346e-09,1.392676110952279338e-60
2.221015881527547801e-03,9.978020847005356075e-02,2.197853382635430006e-04,2.197853382635430006e-04,6.191682912025638557e-09,1.411639298303871074e-60
2.251440756616966080e-03,9.977725835345646610e-02,2.227354550437020745e-04,2.227354550437020745e-04,6.191499847511625987e-09,1.430587335576787809e-60
2.279903214680484118e-03,9.977450068023288599e-02,2.254931284384008967e-04,2.254931284384008967e-04,6.191328724743382899e-09,1.448299345698118266e-60
2.281865631706384793e-03,9.977431062291158836e-02,2.256831857714956672e-04,2.256831857714956672e-04,6.191316931056223049e-09,1.449520047690558144e-60
2.312290506795803072e-03,9.977136530567809469e-02,2.286285031877500194e-04,2.286285031877500194e-04,6.191134164350961982e-09,1.468437259564709575e-60
2.342715381885221351e-03,9.976842242901517999e-02,2.315713800332916156e-04,2.315713800332916156e-04,6.190951549087374201e-09,1.487338796118770701e-60
2.373140256974640063e-03,9.976548202018198364e-02,2.345117890489467778e-04,2.345117890489467778e-04,6.190769086956992773e-09,1.506224482272269295e-60
2.388220061604794976e-03,9.976402555716581966e-02,2.359682521554860000e-04,2.359682521554860000e-04,6.190678708589907496e-09,1.515579066950047805e-60
2.403565132064058342e-03,9.976254410643770054e-02,2.374497029755418280e-04,2.374497029755418280e-04,6.190586779651349110e-09,1.525094142944733680e-60
2.433990007153477055e-03,9.975960871504148397e-02,2.403850945539031964e-04,2.403850945539031964e-04,6.190404628861974625e-09,1.543947603055691628e-60
2.464414882242895333e-03,9.975667587325252883e-02,2.433179365248571780e-04,2.433179365248571780e-04,6.190222636280401560e-09,1.562784687524671186e-60
2.494839757332314046e-03,9.975374560832998838e-02,2.462482016292302572e-04,2.462482016292302572e-04,6.190040803598161327e-09,1.581605221271200956e-60
2.501682977560491621e-03,9.975308688538614410e-02,2.469069246139375760e-04,2.469069246139375760e-04,6.189999927648571010e-09,1.585836073334653532e-60
2.525264632421732325e-03,9.975081794753302977e-02,2.491758626078485663e-04,2.491758626078485663e-04,6.189859132506786994e-09,1.600409029214808432e-60
2.555689507511150604e-03,9.974789291812084790e-02,2.521008922015386712e-04,2.521008922015386712e-04,6.189677624697809974e-09,1.619195936275021662e-60
2.586114382600569316e-03,9.974497054735260992e-02,2.550232631511269209e-04,2.550232631511269209e-04,6.189496281862761679e-09,1.637965767371369247e-60
2.616539257689987595e-03,9.974205086248746910e-02,2.579429481974395560e-04,2.579429481974395560e-04,6.189315105693174351e-09,1.656718347423378957e-60
2.620536449229265465e-03,9.974166747808464739e-02,2.583263326240589587e-04,2.583263326240589587e-04,6.189291315413877340e-09,1.659180752455714313e-60
2.646964132779406308e-03,9.973913389078462033e-02,2.608599200813030341e-04,2.608599200813030341e-04,6.189134097880579402e-09,1.675453501350578842e-60
2.677389007868824587e-03,9.973621965950321688e-02,2.637741515435437041e-04,2.637741515435437041e-04,6.188953260116509899e-09,1.694171054072496948e-60
2.707813882958243299e-03,9.973330819590243979e-02,2.666856153249879150e-04,2.666856153249879150e-04,6.188772594092497257e-09,1.712870830508661600e-60
2.738238758047661578e-03,9.973039952724145618e-02,2.695942841664619618e-04,2.695942841664619618e-04,6.188592101500073715e-09,1.731552655578600293e-60
2.745036578709771687e-03,9.972975002904044262e-02,2.702437824077708766e-04,2.702437824077708766e-04,6.188551797969755757e-09,1.735724258875046935e-60
2.768663633137079857e-03,9.972749368077943322e-02,2.725001308087923561e-04,2.725001308087923561e-04,6.188411784030769859e-09,1.750216354201841351e-60
2.799088508226498569e-03,9.972459068377556579e-02,2.754031279928053928e-04,2.754031279928053928e-04,6.188231643376118756e-09,1.768861751297913374e-60
2.829513383315916848e-03,9.972169056348900718e-02,2.783032484593273665e-04,2.783032484593273665e-04,6.188051681227652647e-09,1.787488671786343582e-60
2.859938258405335561e-03,9.971879334717893839e-02,2.812004649491847350e-04,2.812004649491847350e-04,6.187871899276902118e-09,1.806096940586660851e-60
2.875451635359187359e-03,9.971731720862971049e-02,2.826766035900060356e-04,2.826766035900060356e-04,6.187780299947166321e-09,1.815577897467549798e-60
2.890363133494753840e-03,9.971589906210451271e-02,2.840947502032037928e-04,2.840947502032037928e-04,6.187692299215400237e-09,1.824686382618392400e-60
2.920788008584172118e-03,9.971300773552492502e-02,2.869860769622109434e-04,2.869860769622109434e-04,6.187512882734678416e-09,1.843256822801067382e-60
2.951212883673590831e-03,9.971011939469932861e-02,2.898744179670325358e-04,2.898744179670325358e-04,6.187333651526268895e-09,1.861808086054213016e-60
2.981637758763009110e-03,9.970723406688691837e-02,2.927597459584949189e-04,2.927597459584949189e-04,6.187154607281703088e-09,1.880339997297357626e-60
3.012062633852427822e-03,9.970435177934683368e-02,2.956420336774244961e-04,2.956420336774244961e-04,6.186975751692513236e-09,1.898852381450029260e-60
3.012062633852429124e-03,9.970435177934683368e-02,2.956420336774246045e-04,2.956420336774246045e-04,6.186975751692513236e-09,1.898852381450030089e-60
